VK,vk.ru,2023-09-17 14:08:46 +0000 UTC,Internet Explorer,Debian Linux,Russia
TradeIT GG,tradeit.gg,2023-06-26 14:03:41 +0000 UTC,Internet Explorer,Ubuntu Linux,International
Google,google.com,2023-11-17 21:14:40 +0000 UTC,Google Chrome,Android,International
MailRu,mail.ru,2023-05-02 17:51:08 +0000 UTC,Microsoft Edge,Apple iOS,Russia
YouTube,youtube.com,2023-03-01 17:59:50 +0000 UTC,Google Chrome,Ubuntu Linux,International
Google,google.com,2023-10-13 17:27:46 +0000 UTC,Microsoft Edge,Ubuntu Linux,International
Yandex,ya.ru,2023-04-27 01:29:08 +0000 UTC,Apple Safari,Ubuntu Linux,Russia
YouTube,youtube.com,2023-01-31 02:15:58 +0000 UTC,Microsoft Edge,Windows 7,International
CSMoney,csmoney.com,2023-08-16 19:15:19 +0000 UTC,Microsoft Edge,Windows 10,International
Yandex,ya.ru,2023-07-14 15:32:17 +0000 UTC,Opera,Windows 10,Russia
Yandex,ya.ru,2023-04-30 00:38:17 +0000 UTC,Internet Explorer,Apple iOS,Russia
CSGO TM,csgotm.ru,2023-04-09 00:37:26 +0000 UTC,Internet Explorer,Apple iOS,Russia
DMarket,dmarket.ru,2023-02-22 02:15:00 +0000 UTC,Microsoft Edge,Ubuntu Linux,Russia
SkinWallet,skinwallet.com,2023-05-20 16:23:46 +0000 UTC,Apple Safari,Apple iOS,International
Google,google.com,2023-03-25 06:47:54 +0000 UTC,Opera,macOS,International
SkinWallet,skinwallet.com,2023-04-26 09:28:07 +0000 UTC,Apple Safari,Windows 10,International
VK,vk.ru,2023-09-27 02:40:27 +0000 UTC,Apple Safari,Android,Russia
CSGO TM,csgotm.ru,2023-10-10 17:59:07 +0000 UTC,Opera,Windows 8,Russia
Google,google.com,2023-09-26 11:45:29 +0000 UTC,Internet Explorer,Debian Linux,International
BitSkins,bitskins.com,2023-02-15 17:57:04 +0000 UTC,Microsoft Edge,Apple iOS,International
BitSkins,bitskins.com,2023-05-11 07:48:39 +0000 UTC,Apple Safari,Android,International
BitSkins,bitskins.com,2023-03-25 19:34:14 +0000 UTC,Google Chrome,Windows 10,International
CSGO TM,csgotm.ru,2023-07-28 16:23:01 +0000 UTC,Opera,Apple iOS,Russia
VK,vk.ru,2023-04-30 01:44:19 +0000 UTC,Internet Explorer,Android,Russia
CSGO TM,csgotm.ru,2023-06-15 22:10:36 +0000 UTC,Apple Safari,Debian Linux,Russia
MailRu,mail.ru,2023-05-12 09:51:01 +0000 UTC,Apple Safari,Windows 8,Russia
MailRu,mail.ru,2023-11-22 17:25:51 +0000 UTC,Internet Explorer,Apple iOS,Russia
CSGO TM,csgotm.ru,2023-03-12 01:27:52 +0000 UTC,Google Chrome,Windows 8,Russia
Google,google.com,2023-10-28 21:48:56 +0000 UTC,Internet Explorer,Ubuntu Linux,International
Yandex,ya.ru,2023-03-11 02:41:02 +0000 UTC,Apple Safari,Apple iOS,Russia
CSGO TM,csgotm.ru,2023-11-09 18:50:29 +0000 UTC,Google Chrome,Ubuntu Linux,Russia
CSMoney,csmoney.com,2023-05-20 01:26:58 +0000 UTC,Microsoft Edge,Windows 7,International
CSMoney,csmoney.com,2023-06-29 22:45:29 +0000 UTC,Apple Safari,Ubuntu Linux,International
BitSkins,bitskins.com,2023-06-10 19:34:31 +0000 UTC,Opera,Debian Linux,International
VK,vk.ru,2023-01-03 11:49:31 +0000 UTC,Apple Safari,Ubuntu Linux,Russia
Yandex,ya.ru,2023-03-09 00:33:57 +0000 UTC,Google Chrome,Apple iOS,Russia
SkinWallet,skinwallet.com,2023-07-01 09:07:12 +0000 UTC,Microsoft Edge,macOS,International
MailRu,mail.ru,2023-04-17 10:29:32 +0000 UTC,Google Chrome,Debian Linux,Russia
Google,google.com,2023-07-18 23:19:45 +0000 UTC,Internet Explorer,Ubuntu Linux,International
CSMoney,csmoney.com,2023-08-03 18:50:59 +0000 UTC,Apple Safari,Debian Linux,International
Yandex,ya.ru,2023-11-15 01:13:51 +0000 UTC,Opera,Windows 7,Russia
BitSkins,bitskins.com,2023-07-13 08:39:19 +0000 UTC,Google Chrome,Apple iOS,International
Google,google.com,2023-11-13 09:35:26 +0000 UTC,Microsoft Edge,Ubuntu Linux,International
Yandex,ya.ru,2023-02-19 13:19:49 +0000 UTC,Apple Safari,Apple iOS,Russia
DMarket,dmarket.ru,2023-12-02 06:13:31 +0000 UTC,Internet Explorer,Debian Linux,Russia
DMarket,dmarket.ru,2023-07-31 16:47:10 +0000 UTC,Opera,Android,Russia
TradeIT GG,tradeit.gg,2023-11-08 22:41:49 +0000 UTC,Opera,Windows 10,International
CSMoney,csmoney.com,2023-10-25 11:10:14 +0000 UTC,Apple Safari,Windows 10,International
VK,vk.ru,2023-06-14 02:02:35 +0000 UTC,Opera,Windows 10,Russia
SkinWallet,skinwallet.com,2023-01-14 22:37:32 +0000 UTC,Internet Explorer,Ubuntu Linux,International
CSGO TM,csgotm.ru,2023-04-19 12:43:34 +0000 UTC,Internet Explorer,Windows 10,Russia
Yandex,ya.ru,2023-11-25 07:28:02 +0000 UTC,Google Chrome,Windows 8,Russia
Yandex,ya.ru,2023-09-03 20:32:01 +0000 UTC,Internet Explorer,Ubuntu Linux,Russia
CSGO TM,csgotm.ru,2023-05-02 14:05:30 +0000 UTC,Opera,Windows 8,Russia
BitSkins,bitskins.com,2023-01-03 08:52:42 +0000 UTC,Internet Explorer,Windows 8,International
Google,google.com,2023-03-09 15:35:52 +0000 UTC,Internet Explorer,Apple iOS,International
BitSkins,bitskins.com,2023-05-10 01:58:35 +0000 UTC,Internet Explorer,Windows 10,International
CSMoney,csmoney.com,2023-10-01 23:17:50 +0000 UTC,Opera,Windows 8,International
VK,vk.ru,2023-11-03 21:08:55 +0000 UTC,Opera,macOS,Russia
MailRu,mail.ru,2023-06-05 02:42:54 +0000 UTC,Google Chrome,Ubuntu Linux,Russia
DMarket,dmarket.ru,2023-06-01 15:22:52 +0000 UTC,Apple Safari,Debian Linux,Russia
CSGO TM,csgotm.ru,2023-07-20 09:32:10 +0000 UTC,Google Chrome,Windows 8,Russia
Google,google.com,2023-02-18 16:45:14 +0000 UTC,Apple Safari,Android,International
BitSkins,bitskins.com,2023-09-22 16:54:43 +0000 UTC,Google Chrome,Windows 8,International
YouTube,youtube.com,2023-06-24 20:15:25 +0000 UTC,Microsoft Edge,Windows 8,International
Yandex,ya.ru,2023-08-17 09:25:09 +0000 UTC,Internet Explorer,Windows 8,Russia
Google,google.com,2023-05-18 00:46:31 +0000 UTC,Google Chrome,Ubuntu Linux,International
Google,google.com,2023-04-29 17:01:44 +0000 UTC,Internet Explorer,macOS,International
VK,vk.ru,2023-10-21 22:12:11 +0000 UTC,Internet Explorer,Windows 10,Russia
CSMoney,csmoney.com,2023-12-02 15:25:40 +0000 UTC,Google Chrome,macOS,International
MailRu,mail.ru,2023-01-23 00:49:15 +0000 UTC,Opera,Windows 8,Russia
Google,google.com,2023-11-11 17:45:49 +0000 UTC,Google Chrome,macOS,International
CSMoney,csmoney.com,2023-06-04 05:49:26 +0000 UTC,Microsoft Edge,Windows 7,International
CSGO TM,csgotm.ru,2023-12-01 14:11:55 +0000 UTC,Opera,macOS,Russia
Google,google.com,2023-11-21 05:39:18 +0000 UTC,Opera,Windows 7,International
TradeIT GG,tradeit.gg,2023-05-08 09:58:33 +0000 UTC,Apple Safari,macOS,International
BitSkins,bitskins.com,2023-06-28 19:22:56 +0000 UTC,Google Chrome,Debian Linux,International
MailRu,mail.ru,2023-09-12 05:44:20 +0000 UTC,Microsoft Edge,Windows 10,Russia
CSGO TM,csgotm.ru,2023-08-10 23:52:54 +0000 UTC,Internet Explorer,macOS,Russia
CSGO TM,csgotm.ru,2023-03-27 15:05:20 +0000 UTC,Microsoft Edge,Apple iOS,Russia
CSMoney,csmoney.com,2023-10-08 04:44:09 +0000 UTC,Internet Explorer,Windows 10,International
DMarket,dmarket.ru,2023-04-11 20:54:46 +0000 UTC,Google Chrome,Debian Linux,Russia
CSMoney,csmoney.com,2023-06-11 14:33:55 +0000 UTC,Internet Explorer,Windows 10,International
Google,google.com,2023-03-03 22:47:49 +0000 UTC,Apple Safari,Windows 10,International
BitSkins,bitskins.com,2023-06-03 14:52:26 +0000 UTC,Internet Explorer,Windows 7,International
Yandex,ya.ru,2023-10-12 07:38:09 +0000 UTC,Google Chrome,macOS,Russia
Google,google.com,2023-06-14 01:20:16 +0000 UTC,Apple Safari,Android,International
VK,vk.ru,2023-10-25 12:47:56 +0000 UTC,Opera,Debian Linux,Russia
BitSkins,bitskins.com,2023-03-29 18:49:52 +0000 UTC,Google Chrome,Windows 10,International
SkinWallet,skinwallet.com,2023-07-25 08:08:32 +0000 UTC,Google Chrome,Windows 8,International
Yandex,ya.ru,2023-01-10 20:03:38 +0000 UTC,Microsoft Edge,Ubuntu Linux,Russia
Yandex,ya.ru,2023-09-25 03:21:02 +0000 UTC,Apple Safari,Windows 10,Russia
DMarket,dmarket.ru,2023-08-28 06:38:51 +0000 UTC,Opera,Windows 10,Russia
CSGO TM,csgotm.ru,2023-04-17 05:38:07 +0000 UTC,Internet Explorer,Windows 10,Russia
CSMoney,csmoney.com,2023-03-12 16:13:29 +0000 UTC,Microsoft Edge,Windows 8,International
CSGO TM,csgotm.ru,2023-08-06 10:52:53 +0000 UTC,Apple Safari,Windows 7,Russia
YouTube,youtube.com,2023-08-14 16:43:57 +0000 UTC,Internet Explorer,Windows 8,International
CSMoney,csmoney.com,2023-03-31 16:15:53 +0000 UTC,Microsoft Edge,macOS,International
Google,google.com,2023-02-02 13:36:44 +0000 UTC,Google Chrome,Android,International
TradeIT GG,tradeit.gg,2023-07-16 11:57:11 +0000 UTC,Google Chrome,Windows 7,International
TradeIT GG,tradeit.gg,2023-02-20 08:41:39 +0000 UTC,Apple Safari,Ubuntu Linux,International
Google,google.com,2023-05-25 20:27:50 +0000 UTC,Apple Safari,Android,International
Google,google.com,2023-02-12 00:37:12 +0000 UTC,Apple Safari,Windows 8,International
YouTube,youtube.com,2023-05-06 01:43:43 +0000 UTC,Apple Safari,Windows 8,International
Google,google.com,2023-08-06 11:03:34 +0000 UTC,Opera,macOS,International
MailRu,mail.ru,2023-10-06 23:58:50 +0000 UTC,Opera,Android,Russia
BitSkins,bitskins.com,2023-06-27 05:53:17 +0000 UTC,Google Chrome,Android,International
TradeIT GG,tradeit.gg,2023-09-07 03:58:48 +0000 UTC,Microsoft Edge,Windows 7,International
TradeIT GG,tradeit.gg,2023-02-26 22:49:20 +0000 UTC,Apple Safari,Windows 10,International
YouTube,youtube.com,2023-04-04 12:54:13 +0000 UTC,Google Chrome,Windows 8,International
TradeIT GG,tradeit.gg,2023-02-05 12:15:42 +0000 UTC,Apple Safari,Windows 10,International
VK,vk.ru,2023-05-23 12:27:09 +0000 UTC,Apple Safari,Windows 8,Russia
CSGO TM,csgotm.ru,2023-06-07 17:12:20 +0000 UTC,Internet Explorer,Android,Russia
DMarket,dmarket.ru,2023-11-02 08:12:22 +0000 UTC,Apple Safari,Windows 7,Russia
CSGO TM,csgotm.ru,2023-07-09 03:09:38 +0000 UTC,Internet Explorer,Apple iOS,Russia
CSMoney,csmoney.com,2023-08-21 03:05:27 +0000 UTC,Internet Explorer,Ubuntu Linux,International
CSGO TM,csgotm.ru,2023-06-16 18:03:12 +0000 UTC,Internet Explorer,Debian Linux,Russia
BitSkins,bitskins.com,2023-01-17 02:08:48 +0000 UTC,Google Chrome,Ubuntu Linux,International
Yandex,ya.ru,2023-09-23 10:37:13 +0000 UTC,Opera,Ubuntu Linux,Russia
VK,vk.ru,2023-06-28 10:02:18 +0000 UTC,Google Chrome,Windows 10,Russia
DMarket,dmarket.ru,2023-02-28 14:36:18 +0000 UTC,Microsoft Edge,Debian Linux,Russia
DMarket,dmarket.ru,2023-10-20 00:05:08 +0000 UTC,Opera,Windows 8,Russia
TradeIT GG,tradeit.gg,2023-01-12 06:48:21 +0000 UTC,Google Chrome,Apple iOS,International
YouTube,youtube.com,2023-04-27 17:18:53 +0000 UTC,Apple Safari,Windows 10,International
CSGO TM,csgotm.ru,2023-04-26 05:43:45 +0000 UTC,Microsoft Edge,Android,Russia
YouTube,youtube.com,2023-11-10 14:48:18 +0000 UTC,Opera,Windows 7,International
VK,vk.ru,2023-08-29 23:02:41 +0000 UTC,Opera,Apple iOS,Russia
CSMoney,csmoney.com,2023-09-06 00:22:41 +0000 UTC,Microsoft Edge,Android,International
Google,google.com,2023-07-27 23:29:26 +0000 UTC,Internet Explorer,Ubuntu Linux,International
Yandex,ya.ru,2023-07-22 19:21:58 +0000 UTC,Internet Explorer,Windows 8,Russia
VK,vk.ru,2023-01-24 16:20:05 +0000 UTC,Internet Explorer,Android,Russia
DMarket,dmarket.ru,2023-02-18 03:01:46 +0000 UTC,Opera,Windows 8,Russia
BitSkins,bitskins.com,2023-11-03 17:12:11 +0000 UTC,Opera,Windows 8,International
Yandex,ya.ru,2023-11-01 08:40:32 +0000 UTC,Internet Explorer,macOS,Russia
Google,google.com,2023-10-13 04:46:17 +0000 UTC,Opera,Debian Linux,International
CSGO TM,csgotm.ru,2023-01-22 19:45:39 +0000 UTC,Microsoft Edge,Ubuntu Linux,Russia
DMarket,dmarket.ru,2023-10-29 06:44:46 +0000 UTC,Internet Explorer,Debian Linux,Russia
DMarket,dmarket.ru,2023-05-24 15:43:48 +0000 UTC,Apple Safari,Apple iOS,Russia
BitSkins,bitskins.com,2023-07-17 21:39:35 +0000 UTC,Internet Explorer,Ubuntu Linux,International
BitSkins,bitskins.com,2023-01-05 05:34:07 +0000 UTC,Microsoft Edge,macOS,International
CSGO TM,csgotm.ru,2023-10-22 11:27:08 +0000 UTC,Microsoft Edge,macOS,Russia
DMarket,dmarket.ru,2023-07-08 14:47:59 +0000 UTC,Apple Safari,Windows 7,Russia
Google,google.com,2023-09-13 05:01:22 +0000 UTC,Apple Safari,Android,International
DMarket,dmarket.ru,2023-04-01 17:50:23 +0000 UTC,Opera,Windows 10,Russia
CSMoney,csmoney.com,2023-04-04 01:26:11 +0000 UTC,Internet Explorer,Debian Linux,International
CSMoney,csmoney.com,2023-02-16 09:05:05 +0000 UTC,Google Chrome,Debian Linux,International
CSMoney,csmoney.com,2023-09-26 09:49:49 +0000 UTC,Opera,macOS,International
Yandex,ya.ru,2023-08-20 03:23:40 +0000 UTC,Microsoft Edge,Windows 7,Russia
TradeIT GG,tradeit.gg,2023-08-31 21:06:55 +0000 UTC,Apple Safari,Ubuntu Linux,International
CSGO TM,csgotm.ru,2023-10-06 18:32:07 +0000 UTC,Apple Safari,Windows 8,Russia
VK,vk.ru,2023-08-20 09:31:16 +0000 UTC,Google Chrome,Windows 7,Russia
BitSkins,bitskins.com,2023-10-01 22:20:20 +0000 UTC,Google Chrome,Windows 8,International
Google,google.com,2023-02-23 06:03:41 +0000 UTC,Google Chrome,Android,International
BitSkins,bitskins.com,2023-10-16 05:16:09 +0000 UTC,Opera,macOS,International
YouTube,youtube.com,2023-04-19 00:18:36 +0000 UTC,Opera,macOS,International
CSMoney,csmoney.com,2023-11-11 00:50:37 +0000 UTC,Apple Safari,macOS,International
Google,google.com,2023-06-26 03:12:41 +0000 UTC,Opera,Windows 8,International
Yandex,ya.ru,2023-07-28 08:30:49 +0000 UTC,Microsoft Edge,Apple iOS,Russia
Yandex,ya.ru,2023-03-14 23:00:30 +0000 UTC,Apple Safari,macOS,Russia
SkinWallet,skinwallet.com,2023-09-02 13:24:40 +0000 UTC,Internet Explorer,Android,International
BitSkins,bitskins.com,2023-09-23 20:17:02 +0000 UTC,Microsoft Edge,Android,International
YouTube,youtube.com,2023-10-18 02:14:07 +0000 UTC,Apple Safari,Windows 8,International
MailRu,mail.ru,2023-10-04 10:10:40 +0000 UTC,Internet Explorer,Windows 7,Russia
MailRu,mail.ru,2023-05-01 09:50:13 +0000 UTC,Apple Safari,macOS,Russia
DMarket,dmarket.ru,2023-10-22 07:54:22 +0000 UTC,Internet Explorer,Windows 8,Russia
CSMoney,csmoney.com,2023-10-14 11:12:38 +0000 UTC,Microsoft Edge,Debian Linux,International
Google,google.com,2023-05-10 00:12:29 +0000 UTC,Google Chrome,Windows 7,International
DMarket,dmarket.ru,2023-06-26 13:07:39 +0000 UTC,Internet Explorer,Windows 10,Russia
DMarket,dmarket.ru,2023-03-17 19:02:35 +0000 UTC,Apple Safari,Ubuntu Linux,Russia
Google,google.com,2023-10-05 16:41:12 +0000 UTC,Apple Safari,Android,International
Yandex,ya.ru,2023-01-03 05:56:22 +0000 UTC,Apple Safari,Android,Russia
BitSkins,bitskins.com,2023-11-30 12:13:24 +0000 UTC,Microsoft Edge,Ubuntu Linux,International
Yandex,ya.ru,2023-01-14 00:57:06 +0000 UTC,Internet Explorer,Debian Linux,Russia
BitSkins,bitskins.com,2023-06-06 03:31:39 +0000 UTC,Apple Safari,Android,International
VK,vk.ru,2023-09-06 20:32:27 +0000 UTC,Apple Safari,macOS,Russia
Google,google.com,2023-04-21 12:54:01 +0000 UTC,Microsoft Edge,Debian Linux,International
SkinWallet,skinwallet.com,2023-07-29 22:27:15 +0000 UTC,Microsoft Edge,Windows 8,International
Google,google.com,2023-03-04 01:00:23 +0000 UTC,Microsoft Edge,Windows 7,International
VK,vk.ru,2023-02-20 05:43:49 +0000 UTC,Internet Explorer,Windows 10,Russia
BitSkins,bitskins.com,2023-04-04 07:55:31 +0000 UTC,Internet Explorer,Debian Linux,International
SkinWallet,skinwallet.com,2023-08-13 08:28:37 +0000 UTC,Google Chrome,Windows 7,International
Yandex,ya.ru,2023-04-25 19:26:34 +0000 UTC,Google Chrome,macOS,Russia
YouTube,youtube.com,2023-02-07 03:57:05 +0000 UTC,Opera,Ubuntu Linux,International
TradeIT GG,tradeit.gg,2023-09-21 03:40:45 +0000 UTC,Opera,Windows 10,International
Google,google.com,2023-02-25 17:00:36 +0000 UTC,Internet Explorer,Windows 7,International
BitSkins,bitskins.com,2023-04-21 07:04:20 +0000 UTC,Opera,Windows 10,International
Yandex,ya.ru,2023-04-19 04:36:14 +0000 UTC,Opera,Ubuntu Linux,Russia
TradeIT GG,tradeit.gg,2023-11-29 06:40:19 +0000 UTC,Google Chrome,Android,International
MailRu,mail.ru,2023-05-28 05:59:47 +0000 UTC,Microsoft Edge,Debian Linux,Russia
SkinWallet,skinwallet.com,2023-01-31 00:41:39 +0000 UTC,Apple Safari,Android,International
MailRu,mail.ru,2023-05-31 04:47:14 +0000 UTC,Microsoft Edge,Windows 8,Russia
Google,google.com,2023-04-14 13:03:21 +0000 UTC,Opera,Ubuntu Linux,International
BitSkins,bitskins.com,2023-08-02 00:16:49 +0000 UTC,Apple Safari,Windows 8,International
CSGO TM,csgotm.ru,2023-07-13 19:31:23 +0000 UTC,Opera,Windows 7,Russia
DMarket,dmarket.ru,2023-07-21 07:02:04 +0000 UTC,Opera,Apple iOS,Russia
CSGO TM,csgotm.ru,2023-02-23 16:53:29 +0000 UTC,Opera,Apple iOS,Russia
Google,google.com,2023-09-21 11:00:13 +0000 UTC,Google Chrome,Windows 7,International
DMarket,dmarket.ru,2023-07-01 16:43:33 +0000 UTC,Opera,macOS,Russia
Google,google.com,2023-10-24 04:58:30 +0000 UTC,Microsoft Edge,Windows 7,International
BitSkins,bitskins.com,2023-08-08 21:50:25 +0000 UTC,Apple Safari,Windows 8,International
Yandex,ya.ru,2023-05-23 08:39:48 +0000 UTC,Internet Explorer,Ubuntu Linux,Russia
YouTube,youtube.com,2023-03-28 00:22:39 +0000 UTC,Apple Safari,Windows 10,International
Google,google.com,2023-06-01 03:15:21 +0000 UTC,Internet Explorer,Windows 7,International
Yandex,ya.ru,2023-01-04 07:29:48 +0000 UTC,Microsoft Edge,Debian Linux,Russia
CSMoney,csmoney.com,2023-02-07 00:10:43 +0000 UTC,Microsoft Edge,Debian Linux,International
VK,vk.ru,2023-09-21 06:21:04 +0000 UTC,Google Chrome,macOS,Russia
YouTube,youtube.com,2023-07-19 08:07:38 +0000 UTC,Apple Safari,Windows 8,International
SkinWallet,skinwallet.com,2023-07-28 02:21:17 +0000 UTC,Apple Safari,Debian Linux,International
VK,vk.ru,2023-10-30 14:46:53 +0000 UTC,Apple Safari,Windows 7,Russia
VK,vk.ru,2023-06-12 07:10:06 +0000 UTC,Internet Explorer,Apple iOS,Russia
BitSkins,bitskins.com,2023-05-23 07:37:31 +0000 UTC,Google Chrome,Windows 10,International
DMarket,dmarket.ru,2023-10-28 10:37:51 +0000 UTC,Apple Safari,Windows 10,Russia
TradeIT GG,tradeit.gg,2023-05-22 09:14:56 +0000 UTC,Microsoft Edge,Android,International
MailRu,mail.ru,2023-07-03 05:08:00 +0000 UTC,Google Chrome,Apple iOS,Russia
VK,vk.ru,2023-08-19 05:18:50 +0000 UTC,Microsoft Edge,Windows 8,Russia
Yandex,ya.ru,2023-01-29 19:49:28 +0000 UTC,Opera,Debian Linux,Russia
DMarket,dmarket.ru,2023-06-13 19:21:46 +0000 UTC,Microsoft Edge,Apple iOS,Russia
MailRu,mail.ru,2023-11-13 16:59:30 +0000 UTC,Google Chrome,Windows 8,Russia
DMarket,dmarket.ru,2023-05-14 12:46:50 +0000 UTC,Internet Explorer,Android,Russia
Google,google.com,2023-04-28 03:28:54 +0000 UTC,Microsoft Edge,Debian Linux,International
VK,vk.ru,2023-09-29 18:47:54 +0000 UTC,Internet Explorer,Ubuntu Linux,Russia
TradeIT GG,tradeit.gg,2023-11-30 22:44:08 +0000 UTC,Internet Explorer,Windows 10,International
SkinWallet,skinwallet.com,2023-01-19 00:23:15 +0000 UTC,Internet Explorer,Ubuntu Linux,International
DMarket,dmarket.ru,2023-09-06 08:55:33 +0000 UTC,Microsoft Edge,Windows 10,Russia
CSMoney,csmoney.com,2023-01-25 22:46:33 +0000 UTC,Opera,Android,International
TradeIT GG,tradeit.gg,2023-03-31 07:03:07 +0000 UTC,Apple Safari,Apple iOS,International
CSGO TM,csgotm.ru,2023-08-31 16:53:07 +0000 UTC,Apple Safari,Windows 10,Russia
CSGO TM,csgotm.ru,2023-08-20 20:00:09 +0000 UTC,Apple Safari,Ubuntu Linux,Russia
CSGO TM,csgotm.ru,2023-04-25 00:23:06 +0000 UTC,Microsoft Edge,Windows 7,Russia
CSMoney,csmoney.com,2023-06-23 09:23:11 +0000 UTC,Google Chrome,Windows 7,International
DMarket,dmarket.ru,2023-07-04 06:46:19 +0000 UTC,Apple Safari,Windows 7,Russia
TradeIT GG,tradeit.gg,2023-04-10 11:31:45 +0000 UTC,Opera,Android,International
DMarket,dmarket.ru,2023-08-12 07:12:23 +0000 UTC,Microsoft Edge,Apple iOS,Russia
CSMoney,csmoney.com,2023-01-25 16:15:12 +0000 UTC,Microsoft Edge,Windows 10,International
MailRu,mail.ru,2023-09-22 19:18:37 +0000 UTC,Microsoft Edge,Windows 7,Russia
VK,vk.ru,2023-09-30 22:07:41 +0000 UTC,Opera,Debian Linux,Russia
MailRu,mail.ru,2023-01-30 16:15:20 +0000 UTC,Internet Explorer,Windows 10,Russia
MailRu,mail.ru,2023-03-23 09:13:46 +0000 UTC,Apple Safari,Ubuntu Linux,Russia
BitSkins,bitskins.com,2023-04-18 00:06:09 +0000 UTC,Apple Safari,Windows 10,International
DMarket,dmarket.ru,2023-11-14 09:31:58 +0000 UTC,Internet Explorer,Debian Linux,Russia
MailRu,mail.ru,2023-06-25 08:34:15 +0000 UTC,Google Chrome,Windows 8,Russia
Google,google.com,2023-01-05 08:04:19 +0000 UTC,Internet Explorer,Windows 8,International
VK,vk.ru,2023-04-16 18:57:32 +0000 UTC,Microsoft Edge,Ubuntu Linux,Russia
Google,google.com,2023-01-03 02:01:29 +0000 UTC,Microsoft Edge,macOS,International
BitSkins,bitskins.com,2023-12-05 04:18:50 +0000 UTC,Google Chrome,Windows 8,International
CSMoney,csmoney.com,2023-04-13 08:56:07 +0000 UTC,Microsoft Edge,Android,International
YouTube,youtube.com,2023-04-23 18:56:18 +0000 UTC,Apple Safari,Windows 10,International
YouTube,youtube.com,2023-07-05 08:16:29 +0000 UTC,Microsoft Edge,Windows 10,International
CSGO TM,csgotm.ru,2023-10-09 15:21:50 +0000 UTC,Opera,Ubuntu Linux,Russia
MailRu,mail.ru,2023-07-17 04:36:14 +0000 UTC,Google Chrome,Android,Russia
TradeIT GG,tradeit.gg,2023-04-07 15:27:30 +0000 UTC,Apple Safari,Debian Linux,International
CSGO TM,csgotm.ru,2023-04-22 01:34:27 +0000 UTC,Opera,Windows 8,Russia
Google,google.com,2023-02-16 08:45:27 +0000 UTC,Microsoft Edge,Ubuntu Linux,International
BitSkins,bitskins.com,2023-11-23 22:14:23 +0000 UTC,Internet Explorer,Android,International
Yandex,ya.ru,2023-04-20 23:28:14 +0000 UTC,Microsoft Edge,macOS,Russia
Google,google.com,2023-11-05 10:54:08 +0000 UTC,Internet Explorer,Ubuntu Linux,International
DMarket,dmarket.ru,2023-03-09 20:02:54 +0000 UTC,Opera,Windows 7,Russia
TradeIT GG,tradeit.gg,2023-11-09 20:46:30 +0000 UTC,Opera,Android,International
DMarket,dmarket.ru,2023-06-14 19:20:39 +0000 UTC,Google Chrome,Android,Russia
Yandex,ya.ru,2023-04-02 11:36:24 +0000 UTC,Apple Safari,Ubuntu Linux,Russia
CSMoney,csmoney.com,2023-01-13 04:59:27 +0000 UTC,Internet Explorer,Android,International
DMarket,dmarket.ru,2023-06-06 10:07:42 +0000 UTC,Opera,Android,Russia
MailRu,mail.ru,2023-02-19 22:51:46 +0000 UTC,Opera,Android,Russia
MailRu,mail.ru,2023-09-13 02:49:59 +0000 UTC,Google Chrome,Debian Linux,Russia
Google,google.com,2023-08-26 09:23:40 +0000 UTC,Microsoft Edge,Ubuntu Linux,International
BitSkins,bitskins.com,2023-04-29 09:16:44 +0000 UTC,Apple Safari,Ubuntu Linux,International
BitSkins,bitskins.com,2023-01-19 05:04:48 +0000 UTC,Google Chrome,Debian Linux,International
BitSkins,bitskins.com,2023-02-07 00:25:28 +0000 UTC,Microsoft Edge,Windows 7,International
SkinWallet,skinwallet.com,2023-05-29 02:02:03 +0000 UTC,Google Chrome,Apple iOS,International
Yandex,ya.ru,2023-08-05 06:58:04 +0000 UTC,Microsoft Edge,Windows 8,Russia
Google,google.com,2023-02-27 14:09:30 +0000 UTC,Opera,macOS,International
CSMoney,csmoney.com,2023-05-21 01:38:33 +0000 UTC,Opera,Debian Linux,International
TradeIT GG,tradeit.gg,2023-08-26 16:55:35 +0000 UTC,Internet Explorer,Windows 7,International
TradeIT GG,tradeit.gg,2023-06-26 17:36:16 +0000 UTC,Apple Safari,Apple iOS,International
VK,vk.ru,2023-03-13 10:27:27 +0000 UTC,Google Chrome,Debian Linux,Russia
Google,google.com,2023-08-02 13:09:44 +0000 UTC,Google Chrome,Windows 7,International
TradeIT GG,tradeit.gg,2023-10-31 15:36:37 +0000 UTC,Apple Safari,Windows 8,International
SkinWallet,skinwallet.com,2023-09-21 11:14:32 +0000 UTC,Microsoft Edge,Apple iOS,International
BitSkins,bitskins.com,2023-09-17 14:32:43 +0000 UTC,Apple Safari,Debian Linux,International
DMarket,dmarket.ru,2023-05-24 19:31:16 +0000 UTC,Google Chrome,Android,Russia
DMarket,dmarket.ru,2023-08-17 03:41:26 +0000 UTC,Google Chrome,Ubuntu Linux,Russia
DMarket,dmarket.ru,2023-04-05 10:55:38 +0000 UTC,Internet Explorer,Windows 10,Russia
CSGO TM,csgotm.ru,2023-04-03 18:41:50 +0000 UTC,Apple Safari,Windows 7,Russia
SkinWallet,skinwallet.com,2023-07-30 21:30:06 +0000 UTC,Internet Explorer,Windows 8,International
TradeIT GG,tradeit.gg,2023-01-01 10:08:23 +0000 UTC,Internet Explorer,Apple iOS,International
DMarket,dmarket.ru,2023-01-25 10:45:20 +0000 UTC,Apple Safari,Windows 8,Russia
CSMoney,csmoney.com,2023-02-27 03:41:44 +0000 UTC,Opera,Debian Linux,International
CSGO TM,csgotm.ru,2023-10-16 21:11:41 +0000 UTC,Opera,Windows 10,Russia
MailRu,mail.ru,2023-06-29 14:23:50 +0000 UTC,Google Chrome,Ubuntu Linux,Russia
YouTube,youtube.com,2023-10-28 02:54:17 +0000 UTC,Apple Safari,macOS,International
TradeIT GG,tradeit.gg,2023-04-10 15:29:57 +0000 UTC,Apple Safari,Windows 10,International
Google,google.com,2023-04-12 05:08:27 +0000 UTC,Google Chrome,Ubuntu Linux,International
Google,google.com,2023-08-01 13:49:29 +0000 UTC,Microsoft Edge,Android,International
DMarket,dmarket.ru,2023-02-17 22:14:46 +0000 UTC,Apple Safari,Apple iOS,Russia
TradeIT GG,tradeit.gg,2023-03-11 21:49:20 +0000 UTC,Internet Explorer,macOS,International
VK,vk.ru,2023-08-09 19:08:39 +0000 UTC,Apple Safari,macOS,Russia
BitSkins,bitskins.com,2023-05-05 19:27:51 +0000 UTC,Opera,Windows 8,International
Yandex,ya.ru,2023-07-19 04:21:29 +0000 UTC,Google Chrome,macOS,Russia
BitSkins,bitskins.com,2023-02-16 21:51:08 +0000 UTC,Internet Explorer,Windows 8,International
CSGO TM,csgotm.ru,2023-04-24 07:44:06 +0000 UTC,Opera,Ubuntu Linux,Russia
Yandex,ya.ru,2023-09-27 04:21:56 +0000 UTC,Apple Safari,macOS,Russia
CSGO TM,csgotm.ru,2023-01-02 22:23:52 +0000 UTC,Apple Safari,Windows 7,Russia
SkinWallet,skinwallet.com,2023-06-24 06:35:29 +0000 UTC,Microsoft Edge,Ubuntu Linux,International
VK,vk.ru,2023-09-21 17:03:43 +0000 UTC,Apple Safari,Ubuntu Linux,Russia
VK,vk.ru,2023-08-03 21:48:44 +0000 UTC,Microsoft Edge,Ubuntu Linux,Russia
MailRu,mail.ru,2023-05-08 05:55:02 +0000 UTC,Apple Safari,Ubuntu Linux,Russia
TradeIT GG,tradeit.gg,2023-07-05 10:52:03 +0000 UTC,Internet Explorer,Apple iOS,International
CSMoney,csmoney.com,2023-08-28 00:46:37 +0000 UTC,Opera,Windows 7,International
SkinWallet,skinwallet.com,2023-05-05 01:11:34 +0000 UTC,Microsoft Edge,Apple iOS,International
VK,vk.ru,2023-04-05 15:34:56 +0000 UTC,Opera,Windows 7,Russia
SkinWallet,skinwallet.com,2023-05-29 19:13:18 +0000 UTC,Apple Safari,Windows 7,International
YouTube,youtube.com,2023-10-03 08:28:28 +0000 UTC,Internet Explorer,Debian Linux,International
SkinWallet,skinwallet.com,2023-03-08 17:20:50 +0000 UTC,Google Chrome,Ubuntu Linux,International
Google,google.com,2023-08-25 19:07:47 +0000 UTC,Opera,Ubuntu Linux,International
CSMoney,csmoney.com,2023-11-09 03:50:51 +0000 UTC,Opera,Ubuntu Linux,International
CSMoney,csmoney.com,2023-11-10 01:51:21 +0000 UTC,Microsoft Edge,Ubuntu Linux,International
TradeIT GG,tradeit.gg,2023-05-31 20:18:49 +0000 UTC,Google Chrome,Debian Linux,International
DMarket,dmarket.ru,2023-03-29 06:00:10 +0000 UTC,Google Chrome,Debian Linux,Russia
YouTube,youtube.com,2023-10-12 09:20:15 +0000 UTC,Opera,Ubuntu Linux,International
Google,google.com,2023-05-03 06:18:01 +0000 UTC,Apple Safari,Ubuntu Linux,International
TradeIT GG,tradeit.gg,2023-08-01 08:03:41 +0000 UTC,Internet Explorer,Apple iOS,International
Google,google.com,2023-07-10 05:43:14 +0000 UTC,Internet Explorer,Apple iOS,International
VK,vk.ru,2023-09-20 02:12:41 +0000 UTC,Opera,Debian Linux,Russia
SkinWallet,skinwallet.com,2023-07-10 04:58:41 +0000 UTC,Apple Safari,Windows 10,International
BitSkins,bitskins.com,2023-10-16 03:33:48 +0000 UTC,Internet Explorer,Windows 8,International
DMarket,dmarket.ru,2023-07-15 10:51:44 +0000 UTC,Google Chrome,Debian Linux,Russia
DMarket,dmarket.ru,2023-04-08 23:20:51 +0000 UTC,Apple Safari,Windows 8,Russia
CSMoney,csmoney.com,2023-06-07 10:55:03 +0000 UTC,Google Chrome,Windows 7,International
BitSkins,bitskins.com,2023-11-18 01:39:21 +0000 UTC,Microsoft Edge,Ubuntu Linux,International
VK,vk.ru,2023-10-05 09:44:57 +0000 UTC,Microsoft Edge,Windows 8,Russia
TradeIT GG,tradeit.gg,2023-02-23 10:51:31 +0000 UTC,Microsoft Edge,Android,International
CSGO TM,csgotm.ru,2023-08-11 13:42:28 +0000 UTC,Internet Explorer,Ubuntu Linux,Russia
DMarket,dmarket.ru,2023-02-27 03:36:11 +0000 UTC,Microsoft Edge,Apple iOS,Russia
BitSkins,bitskins.com,2023-08-23 21:22:18 +0000 UTC,Microsoft Edge,Android,International
Yandex,ya.ru,2023-09-23 09:49:51 +0000 UTC,Microsoft Edge,Ubuntu Linux,Russia
Google,google.com,2023-05-11 18:20:53 +0000 UTC,Internet Explorer,Windows 7,International
Yandex,ya.ru,2023-10-22 11:17:24 +0000 UTC,Google Chrome,Windows 8,Russia
YouTube,youtube.com,2023-06-29 06:12:38 +0000 UTC,Google Chrome,macOS,International
BitSkins,bitskins.com,2023-06-22 01:58:30 +0000 UTC,Microsoft Edge,Ubuntu Linux,International
DMarket,dmarket.ru,2023-04-02 17:34:09 +0000 UTC,Microsoft Edge,Apple iOS,Russia
DMarket,dmarket.ru,2023-06-10 07:59:03 +0000 UTC,Opera,macOS,Russia
TradeIT GG,tradeit.gg,2023-04-24 18:38:09 +0000 UTC,Microsoft Edge,Debian Linux,International
CSGO TM,csgotm.ru,2023-06-18 10:07:06 +0000 UTC,Google Chrome,Windows 10,Russia
VK,vk.ru,2023-07-28 00:59:49 +0000 UTC,Opera,Android,Russia
BitSkins,bitskins.com,2023-05-26 02:14:09 +0000 UTC,Internet Explorer,Ubuntu Linux,International
Yandex,ya.ru,2023-03-27 00:51:06 +0000 UTC,Opera,Ubuntu Linux,Russia
DMarket,dmarket.ru,2023-10-23 00:21:15 +0000 UTC,Internet Explorer,Debian Linux,Russia
Yandex,ya.ru,2023-08-03 00:08:49 +0000 UTC,Internet Explorer,Android,Russia
BitSkins,bitskins.com,2023-04-18 14:44:13 +0000 UTC,Internet Explorer,Debian Linux,International
YouTube,youtube.com,2023-11-04 13:53:26 +0000 UTC,Microsoft Edge,Windows 10,International
Yandex,ya.ru,2023-10-01 22:00:52 +0000 UTC,Internet Explorer,Apple iOS,Russia
TradeIT GG,tradeit.gg,2023-03-12 16:44:06 +0000 UTC,Internet Explorer,Windows 8,International
Yandex,ya.ru,2023-09-18 23:28:22 +0000 UTC,Google Chrome,macOS,Russia
TradeIT GG,tradeit.gg,2023-06-02 19:59:26 +0000 UTC,Opera,Android,International
SkinWallet,skinwallet.com,2023-07-24 14:20:40 +0000 UTC,Microsoft Edge,Windows 10,International
BitSkins,bitskins.com,2023-02-06 08:47:32 +0000 UTC,Internet Explorer,Android,International
CSMoney,csmoney.com,2023-01-05 14:45:23 +0000 UTC,Apple Safari,Windows 10,International
VK,vk.ru,2023-07-12 03:44:23 +0000 UTC,Opera,Windows 10,Russia
SkinWallet,skinwallet.com,2023-07-20 04:25:13 +0000 UTC,Internet Explorer,Ubuntu Linux,International
DMarket,dmarket.ru,2023-04-07 22:03:19 +0000 UTC,Microsoft Edge,Apple iOS,Russia
SkinWallet,skinwallet.com,2023-10-18 20:13:26 +0000 UTC,Microsoft Edge,Apple iOS,International
TradeIT GG,tradeit.gg,2023-11-22 04:39:16 +0000 UTC,Google Chrome,Debian Linux,International
DMarket,dmarket.ru,2023-11-20 17:55:51 +0000 UTC,Opera,Windows 8,Russia
CSGO TM,csgotm.ru,2023-02-06 11:30:49 +0000 UTC,Microsoft Edge,Ubuntu Linux,Russia
DMarket,dmarket.ru,2023-05-15 09:57:59 +0000 UTC,Google Chrome,Windows 10,Russia
BitSkins,bitskins.com,2023-07-17 02:38:50 +0000 UTC,Microsoft Edge,Android,International
BitSkins,bitskins.com,2023-05-17 06:18:41 +0000 UTC,Google Chrome,macOS,International
BitSkins,bitskins.com,2023-10-31 01:44:24 +0000 UTC,Apple Safari,Windows 10,International
Yandex,ya.ru,2023-02-04 22:19:52 +0000 UTC,Microsoft Edge,Windows 8,Russia
Yandex,ya.ru,2023-08-19 07:22:26 +0000 UTC,Apple Safari,Apple iOS,Russia
CSMoney,csmoney.com,2023-04-05 06:23:54 +0000 UTC,Google Chrome,Debian Linux,International
CSMoney,csmoney.com,2023-05-18 18:55:59 +0000 UTC,Google Chrome,Windows 8,International
CSMoney,csmoney.com,2023-03-03 02:01:23 +0000 UTC,Microsoft Edge,Windows 7,International
Google,google.com,2023-08-11 01:06:19 +0000 UTC,Google Chrome,Android,International
Yandex,ya.ru,2023-07-04 23:26:55 +0000 UTC,Google Chrome,Windows 7,Russia
DMarket,dmarket.ru,2023-03-15 11:31:32 +0000 UTC,Microsoft Edge,Windows 8,Russia
SkinWallet,skinwallet.com,2023-11-16 20:20:39 +0000 UTC,Apple Safari,Windows 8,International
SkinWallet,skinwallet.com,2023-03-03 16:41:00 +0000 UTC,Apple Safari,Debian Linux,International
VK,vk.ru,2023-02-21 02:37:43 +0000 UTC,Internet Explorer,Ubuntu Linux,Russia
VK,vk.ru,2023-05-05 14:27:01 +0000 UTC,Internet Explorer,Android,Russia
SkinWallet,skinwallet.com,2023-11-18 04:33:07 +0000 UTC,Microsoft Edge,Apple iOS,International
VK,vk.ru,2023-06-02 12:31:07 +0000 UTC,Google Chrome,Android,Russia
TradeIT GG,tradeit.gg,2023-03-09 13:55:46 +0000 UTC,Opera,Ubuntu Linux,International
Google,google.com,2023-08-14 09:09:35 +0000 UTC,Google Chrome,Windows 10,International
MailRu,mail.ru,2023-07-19 08:55:21 +0000 UTC,Internet Explorer,Windows 10,Russia
TradeIT GG,tradeit.gg,2023-01-03 19:08:28 +0000 UTC,Opera,Apple iOS,International
Yandex,ya.ru,2023-01-14 09:16:30 +0000 UTC,Apple Safari,Debian Linux,Russia
Google,google.com,2023-08-13 19:36:52 +0000 UTC,Apple Safari,Ubuntu Linux,International
DMarket,dmarket.ru,2023-12-04 14:00:06 +0000 UTC,Internet Explorer,Ubuntu Linux,Russia
CSMoney,csmoney.com,2023-10-16 02:36:18 +0000 UTC,Internet Explorer,Debian Linux,International
YouTube,youtube.com,2023-03-27 13:06:58 +0000 UTC,Opera,Windows 7,International
TradeIT GG,tradeit.gg,2023-10-14 16:55:34 +0000 UTC,Opera,Debian Linux,International
MailRu,mail.ru,2023-05-21 07:23:58 +0000 UTC,Apple Safari,macOS,Russia
CSGO TM,csgotm.ru,2023-05-16 23:38:40 +0000 UTC,Internet Explorer,Windows 8,Russia
SkinWallet,skinwallet.com,2023-09-01 13:30:15 +0000 UTC,Microsoft Edge,Windows 7,International
YouTube,youtube.com,2023-07-10 19:48:55 +0000 UTC,Apple Safari,Debian Linux,International
Google,google.com,2023-05-09 01:08:30 +0000 UTC,Apple Safari,Windows 10,International
SkinWallet,skinwallet.com,2023-11-17 06:57:39 +0000 UTC,Google Chrome,Debian Linux,International
YouTube,youtube.com,2023-09-20 07:52:52 +0000 UTC,Google Chrome,Ubuntu Linux,International
SkinWallet,skinwallet.com,2023-06-20 22:49:49 +0000 UTC,Internet Explorer,Windows 8,International
YouTube,youtube.com,2023-03-30 12:42:18 +0000 UTC,Microsoft Edge,Android,International
MailRu,mail.ru,2023-01-01 09:50:28 +0000 UTC,Opera,Windows 10,Russia
Yandex,ya.ru,2023-03-12 07:50:51 +0000 UTC,Google Chrome,macOS,Russia
VK,vk.ru,2023-07-19 03:25:04 +0000 UTC,Apple Safari,Debian Linux,Russia
Yandex,ya.ru,2023-09-17 16:37:37 +0000 UTC,Opera,Apple iOS,Russia
CSMoney,csmoney.com,2023-03-22 14:38:10 +0000 UTC,Apple Safari,macOS,International
BitSkins,bitskins.com,2023-04-17 07:37:32 +0000 UTC,Microsoft Edge,Debian Linux,International
CSMoney,csmoney.com,2023-03-17 00:43:59 +0000 UTC,Apple Safari,Windows 8,International
BitSkins,bitskins.com,2023-10-13 22:03:35 +0000 UTC,Opera,Windows 8,International
CSGO TM,csgotm.ru,2023-02-14 13:57:19 +0000 UTC,Google Chrome,Ubuntu Linux,Russia
SkinWallet,skinwallet.com,2023-10-25 18:44:12 +0000 UTC,Apple Safari,Ubuntu Linux,International
MailRu,mail.ru,2023-11-09 12:14:49 +0000 UTC,Opera,Windows 10,Russia
CSGO TM,csgotm.ru,2023-09-04 17:01:17 +0000 UTC,Internet Explorer,Windows 10,Russia
VK,vk.ru,2023-07-31 18:11:47 +0000 UTC,Google Chrome,Windows 8,Russia
MailRu,mail.ru,2023-07-30 22:12:33 +0000 UTC,Microsoft Edge,Windows 7,Russia
MailRu,mail.ru,2023-11-21 03:35:22 +0000 UTC,Microsoft Edge,Ubuntu Linux,Russia
CSGO TM,csgotm.ru,2023-01-20 21:17:14 +0000 UTC,Internet Explorer,Windows 10,Russia
MailRu,mail.ru,2023-01-07 04:13:23 +0000 UTC,Opera,Windows 7,Russia
VK,vk.ru,2023-06-29 20:03:49 +0000 UTC,Microsoft Edge,Ubuntu Linux,Russia
YouTube,youtube.com,2023-11-14 10:28:56 +0000 UTC,Internet Explorer,Windows 8,International
CSGO TM,csgotm.ru,2023-02-12 19:34:22 +0000 UTC,Opera,Windows 8,Russia
CSGO TM,csgotm.ru,2023-10-17 14:01:50 +0000 UTC,Opera,Windows 10,Russia
DMarket,dmarket.ru,2023-07-21 03:45:51 +0000 UTC,Apple Safari,macOS,Russia
Yandex,ya.ru,2023-01-24 03:13:55 +0000 UTC,Google Chrome,Android,Russia
TradeIT GG,tradeit.gg,2023-05-20 00:00:38 +0000 UTC,Google Chrome,macOS,International
MailRu,mail.ru,2023-06-08 12:30:38 +0000 UTC,Apple Safari,Apple iOS,Russia
DMarket,dmarket.ru,2023-05-19 21:07:32 +0000 UTC,Microsoft Edge,Android,Russia
Google,google.com,2023-10-12 15:09:59 +0000 UTC,Apple Safari,Windows 10,International
DMarket,dmarket.ru,2023-01-21 05:30:39 +0000 UTC,Google Chrome,Apple iOS,Russia
VK,vk.ru,2023-04-11 09:23:05 +0000 UTC,Google Chrome,Windows 8,Russia
Google,google.com,2023-08-18 14:11:40 +0000 UTC,Internet Explorer,Apple iOS,International
Yandex,ya.ru,2023-05-16 15:17:39 +0000 UTC,Microsoft Edge,Android,Russia
DMarket,dmarket.ru,2023-05-31 03:37:02 +0000 UTC,Microsoft Edge,Windows 7,Russia
DMarket,dmarket.ru,2023-01-28 04:47:48 +0000 UTC,Google Chrome,macOS,Russia
Yandex,ya.ru,2023-05-12 05:23:25 +0000 UTC,Google Chrome,Apple iOS,Russia
BitSkins,bitskins.com,2023-07-03 20:17:50 +0000 UTC,Internet Explorer,Debian Linux,International
BitSkins,bitskins.com,2023-11-14 10:08:05 +0000 UTC,Opera,Windows 7,International
Yandex,ya.ru,2023-02-12 03:09:12 +0000 UTC,Apple Safari,Apple iOS,Russia
Yandex,ya.ru,2023-01-19 06:00:32 +0000 UTC,Apple Safari,Windows 8,Russia
BitSkins,bitskins.com,2023-06-30 13:10:26 +0000 UTC,Microsoft Edge,Windows 8,International
CSMoney,csmoney.com,2023-11-25 05:03:03 +0000 UTC,Internet Explorer,Windows 7,International
CSGO TM,csgotm.ru,2023-11-05 04:22:02 +0000 UTC,Internet Explorer,macOS,Russia
BitSkins,bitskins.com,2023-07-17 22:57:02 +0000 UTC,Internet Explorer,macOS,International
CSGO TM,csgotm.ru,2023-02-03 11:26:01 +0000 UTC,Google Chrome,Windows 7,Russia
MailRu,mail.ru,2023-10-13 12:59:12 +0000 UTC,Opera,Ubuntu Linux,Russia
TradeIT GG,tradeit.gg,2023-09-10 06:56:58 +0000 UTC,Google Chrome,Debian Linux,International
SkinWallet,skinwallet.com,2023-03-27 02:39:47 +0000 UTC,Internet Explorer,Windows 7,International
CSMoney,csmoney.com,2023-02-11 02:55:34 +0000 UTC,Apple Safari,Windows 10,International
MailRu,mail.ru,2023-11-20 13:26:21 +0000 UTC,Internet Explorer,Apple iOS,Russia
VK,vk.ru,2023-11-17 00:35:30 +0000 UTC,Internet Explorer,Apple iOS,Russia
BitSkins,bitskins.com,2023-12-04 08:01:16 +0000 UTC,Google Chrome,Windows 7,International
Google,google.com,2023-09-28 10:37:20 +0000 UTC,Google Chrome,Android,International
Google,google.com,2023-07-27 07:45:13 +0000 UTC,Microsoft Edge,Ubuntu Linux,International
MailRu,mail.ru,2023-07-22 14:44:55 +0000 UTC,Opera,Windows 10,Russia
CSMoney,csmoney.com,2023-03-07 04:45:31 +0000 UTC,Opera,Ubuntu Linux,International
YouTube,youtube.com,2023-07-30 12:46:49 +0000 UTC,Microsoft Edge,macOS,International
TradeIT GG,tradeit.gg,2023-02-19 01:44:28 +0000 UTC,Internet Explorer,Apple iOS,International
BitSkins,bitskins.com,2023-06-09 20:11:36 +0000 UTC,Microsoft Edge,Windows 7,International
SkinWallet,skinwallet.com,2023-09-28 19:03:16 +0000 UTC,Opera,Android,International
YouTube,youtube.com,2023-06-27 20:34:25 +0000 UTC,Internet Explorer,Windows 8,International
YouTube,youtube.com,2023-03-13 14:55:31 +0000 UTC,Opera,macOS,International
MailRu,mail.ru,2023-08-05 11:07:42 +0000 UTC,Apple Safari,Android,Russia
CSGO TM,csgotm.ru,2023-08-04 05:06:38 +0000 UTC,Opera,Windows 7,Russia
TradeIT GG,tradeit.gg,2023-07-31 09:59:25 +0000 UTC,Microsoft Edge,Ubuntu Linux,International
DMarket,dmarket.ru,2023-02-10 06:28:50 +0000 UTC,Google Chrome,Ubuntu Linux,Russia
DMarket,dmarket.ru,2023-09-02 04:42:45 +0000 UTC,Opera,Windows 10,Russia
Yandex,ya.ru,2023-05-06 02:26:41 +0000 UTC,Opera,Windows 7,Russia
BitSkins,bitskins.com,2023-01-26 11:46:22 +0000 UTC,Google Chrome,Android,International
CSGO TM,csgotm.ru,2023-04-27 19:50:53 +0000 UTC,Apple Safari,Debian Linux,Russia
CSGO TM,csgotm.ru,2023-05-14 16:07:58 +0000 UTC,Opera,Apple iOS,Russia
Yandex,ya.ru,2023-03-18 23:06:49 +0000 UTC,Microsoft Edge,Ubuntu Linux,Russia
VK,vk.ru,2023-11-05 10:23:53 +0000 UTC,Google Chrome,Apple iOS,Russia
CSMoney,csmoney.com,2023-02-18 08:47:20 +0000 UTC,Microsoft Edge,Debian Linux,International
BitSkins,bitskins.com,2023-08-29 13:33:53 +0000 UTC,Apple Safari,Windows 8,International
BitSkins,bitskins.com,2023-03-02 07:01:47 +0000 UTC,Opera,Windows 10,International
MailRu,mail.ru,2023-06-04 17:54:44 +0000 UTC,Microsoft Edge,Windows 7,Russia
CSMoney,csmoney.com,2023-09-04 13:26:25 +0000 UTC,Microsoft Edge,Windows 7,International
VK,vk.ru,2023-11-16 05:49:44 +0000 UTC,Apple Safari,macOS,Russia
VK,vk.ru,2023-03-25 05:17:07 +0000 UTC,Internet Explorer,Apple iOS,Russia
DMarket,dmarket.ru,2023-07-11 22:34:48 +0000 UTC,Apple Safari,Windows 8,Russia
CSMoney,csmoney.com,2023-03-05 05:30:11 +0000 UTC,Apple Safari,macOS,International
MailRu,mail.ru,2023-06-02 17:26:08 +0000 UTC,Google Chrome,Windows 8,Russia
YouTube,youtube.com,2023-11-03 18:01:33 +0000 UTC,Apple Safari,Windows 7,International
MailRu,mail.ru,2023-06-06 13:04:19 +0000 UTC,Internet Explorer,Windows 7,Russia
CSGO TM,csgotm.ru,2023-11-14 20:23:50 +0000 UTC,Internet Explorer,Android,Russia
DMarket,dmarket.ru,2023-11-02 20:22:09 +0000 UTC,Internet Explorer,macOS,Russia
DMarket,dmarket.ru,2023-01-25 06:45:52 +0000 UTC,Google Chrome,Debian Linux,Russia
CSMoney,csmoney.com,2023-03-26 14:42:45 +0000 UTC,Apple Safari,macOS,International
Google,google.com,2023-06-07 16:09:43 +0000 UTC,Microsoft Edge,Windows 7,International
DMarket,dmarket.ru,2023-05-14 12:33:40 +0000 UTC,Google Chrome,Debian Linux,Russia
TradeIT GG,tradeit.gg,2023-02-19 23:09:43 +0000 UTC,Internet Explorer,macOS,International
CSMoney,csmoney.com,2023-08-06 04:10:39 +0000 UTC,Apple Safari,Windows 7,International
SkinWallet,skinwallet.com,2023-04-18 08:19:42 +0000 UTC,Microsoft Edge,Debian Linux,International
BitSkins,bitskins.com,2023-06-15 05:18:38 +0000 UTC,Internet Explorer,Windows 7,International
YouTube,youtube.com,2023-07-01 05:16:40 +0000 UTC,Opera,Windows 8,International
DMarket,dmarket.ru,2023-03-20 05:00:52 +0000 UTC,Internet Explorer,Android,Russia
TradeIT GG,tradeit.gg,2023-03-14 18:46:57 +0000 UTC,Google Chrome,Windows 8,International
MailRu,mail.ru,2023-05-16 04:24:57 +0000 UTC,Google Chrome,Windows 8,Russia
YouTube,youtube.com,2023-02-08 11:43:48 +0000 UTC,Apple Safari,Windows 7,International
SkinWallet,skinwallet.com,2023-10-06 21:30:26 +0000 UTC,Internet Explorer,Android,International
TradeIT GG,tradeit.gg,2023-08-10 16:33:40 +0000 UTC,Apple Safari,Windows 10,International
VK,vk.ru,2023-01-26 03:39:30 +0000 UTC,Apple Safari,Android,Russia
DMarket,dmarket.ru,2023-02-12 07:20:14 +0000 UTC,Internet Explorer,Windows 10,Russia
YouTube,youtube.com,2023-11-05 10:48:03 +0000 UTC,Apple Safari,macOS,International
MailRu,mail.ru,2023-01-23 05:12:32 +0000 UTC,Opera,Windows 8,Russia
VK,vk.ru,2023-05-18 08:10:03 +0000 UTC,Microsoft Edge,Debian Linux,Russia
MailRu,mail.ru,2023-05-09 12:00:36 +0000 UTC,Microsoft Edge,Android,Russia
CSMoney,csmoney.com,2023-09-04 21:41:52 +0000 UTC,Internet Explorer,Apple iOS,International
DMarket,dmarket.ru,2023-06-06 10:50:10 +0000 UTC,Microsoft Edge,Apple iOS,Russia
VK,vk.ru,2023-03-27 01:18:20 +0000 UTC,Google Chrome,Apple iOS,Russia
YouTube,youtube.com,2023-04-18 07:45:02 +0000 UTC,Apple Safari,Debian Linux,International
CSGO TM,csgotm.ru,2023-01-18 08:20:14 +0000 UTC,Apple Safari,macOS,Russia
DMarket,dmarket.ru,2023-07-10 07:53:28 +0000 UTC,Apple Safari,Apple iOS,Russia
CSMoney,csmoney.com,2023-09-14 21:40:15 +0000 UTC,Internet Explorer,Windows 8,International
Yandex,ya.ru,2023-08-30 12:19:48 +0000 UTC,Google Chrome,Debian Linux,Russia
BitSkins,bitskins.com,2023-04-08 17:26:30 +0000 UTC,Google Chrome,Android,International
VK,vk.ru,2023-04-22 23:30:34 +0000 UTC,Opera,Windows 8,Russia
BitSkins,bitskins.com,2023-11-01 14:21:49 +0000 UTC,Microsoft Edge,Windows 8,International
DMarket,dmarket.ru,2023-03-29 03:03:29 +0000 UTC,Microsoft Edge,macOS,Russia
DMarket,dmarket.ru,2023-02-11 10:43:04 +0000 UTC,Google Chrome,Debian Linux,Russia
VK,vk.ru,2023-06-10 13:48:04 +0000 UTC,Apple Safari,Windows 10,Russia
VK,vk.ru,2023-12-03 16:32:28 +0000 UTC,Google Chrome,Ubuntu Linux,Russia
BitSkins,bitskins.com,2023-01-31 08:53:07 +0000 UTC,Google Chrome,Apple iOS,International
Yandex,ya.ru,2023-09-11 07:13:54 +0000 UTC,Internet Explorer,Windows 7,Russia
SkinWallet,skinwallet.com,2023-11-19 17:42:56 +0000 UTC,Microsoft Edge,Windows 10,International
CSMoney,csmoney.com,2023-06-28 16:23:37 +0000 UTC,Google Chrome,Android,International
YouTube,youtube.com,2023-03-21 17:52:34 +0000 UTC,Microsoft Edge,Ubuntu Linux,International
VK,vk.ru,2023-07-12 18:33:35 +0000 UTC,Internet Explorer,Windows 10,Russia
YouTube,youtube.com,2023-01-14 14:01:48 +0000 UTC,Microsoft Edge,Windows 10,International
MailRu,mail.ru,2023-11-16 14:10:22 +0000 UTC,Internet Explorer,Windows 10,Russia
SkinWallet,skinwallet.com,2023-07-02 08:21:35 +0000 UTC,Apple Safari,Android,International
MailRu,mail.ru,2023-03-31 03:52:25 +0000 UTC,Google Chrome,Android,Russia
Yandex,ya.ru,2023-09-28 01:08:06 +0000 UTC,Apple Safari,Windows 7,Russia
CSGO TM,csgotm.ru,2023-06-05 15:23:01 +0000 UTC,Microsoft Edge,Windows 8,Russia
TradeIT GG,tradeit.gg,2023-09-25 11:13:01 +0000 UTC,Microsoft Edge,Ubuntu Linux,International
MailRu,mail.ru,2023-04-12 12:31:35 +0000 UTC,Opera,Windows 10,Russia
Yandex,ya.ru,2023-08-17 09:56:37 +0000 UTC,Apple Safari,Windows 7,Russia
VK,vk.ru,2023-11-16 21:26:53 +0000 UTC,Apple Safari,Windows 7,Russia
MailRu,mail.ru,2023-05-25 12:19:22 +0000 UTC,Microsoft Edge,macOS,Russia
YouTube,youtube.com,2023-07-05 13:41:24 +0000 UTC,Microsoft Edge,Windows 7,International
VK,vk.ru,2023-12-02 13:59:36 +0000 UTC,Google Chrome,Debian Linux,Russia
YouTube,youtube.com,2023-09-11 04:01:33 +0000 UTC,Internet Explorer,Windows 8,International
TradeIT GG,tradeit.gg,2023-05-11 09:56:12 +0000 UTC,Internet Explorer,macOS,International
TradeIT GG,tradeit.gg,2023-01-01 20:02:34 +0000 UTC,Microsoft Edge,Debian Linux,International
CSMoney,csmoney.com,2023-04-11 15:02:36 +0000 UTC,Opera,Windows 7,International
CSGO TM,csgotm.ru,2023-07-02 09:24:26 +0000 UTC,Opera,macOS,Russia
MailRu,mail.ru,2023-10-11 06:28:38 +0000 UTC,Microsoft Edge,Windows 10,Russia
Google,google.com,2023-11-26 23:49:11 +0000 UTC,Apple Safari,Ubuntu Linux,International
SkinWallet,skinwallet.com,2023-08-31 05:26:14 +0000 UTC,Internet Explorer,Debian Linux,International
BitSkins,bitskins.com,2023-08-07 10:21:28 +0000 UTC,Internet Explorer,Windows 8,International
DMarket,dmarket.ru,2023-03-28 23:14:19 +0000 UTC,Apple Safari,Ubuntu Linux,Russia
CSGO TM,csgotm.ru,2023-11-13 09:28:45 +0000 UTC,Internet Explorer,Android,Russia
YouTube,youtube.com,2023-06-24 09:35:42 +0000 UTC,Microsoft Edge,Windows 8,International
CSMoney,csmoney.com,2023-03-13 14:13:56 +0000 UTC,Internet Explorer,Windows 8,International
MailRu,mail.ru,2023-01-30 23:13:09 +0000 UTC,Microsoft Edge,Debian Linux,Russia
TradeIT GG,tradeit.gg,2023-07-25 06:32:51 +0000 UTC,Apple Safari,Windows 7,International
Google,google.com,2023-06-01 22:04:36 +0000 UTC,Internet Explorer,Android,International
SkinWallet,skinwallet.com,2023-09-23 16:39:22 +0000 UTC,Internet Explorer,Debian Linux,International
DMarket,dmarket.ru,2023-06-02 20:07:17 +0000 UTC,Opera,Windows 8,Russia
Yandex,ya.ru,2023-09-18 21:43:14 +0000 UTC,Apple Safari,Android,Russia
Google,google.com,2023-04-29 18:41:34 +0000 UTC,Google Chrome,Windows 10,International
TradeIT GG,tradeit.gg,2023-06-01 08:34:50 +0000 UTC,Opera,Windows 10,International
BitSkins,bitskins.com,2023-12-06 06:40:41 +0000 UTC,Microsoft Edge,Debian Linux,International
SkinWallet,skinwallet.com,2023-07-29 01:27:59 +0000 UTC,Internet Explorer,Ubuntu Linux,International
DMarket,dmarket.ru,2023-11-03 10:34:14 +0000 UTC,Opera,Windows 7,Russia
DMarket,dmarket.ru,2023-06-16 21:37:40 +0000 UTC,Opera,Android,Russia
DMarket,dmarket.ru,2023-01-08 12:23:14 +0000 UTC,Internet Explorer,macOS,Russia
CSGO TM,csgotm.ru,2023-04-28 10:09:28 +0000 UTC,Microsoft Edge,Windows 10,Russia
MailRu,mail.ru,2023-09-06 13:24:55 +0000 UTC,Opera,Apple iOS,Russia
TradeIT GG,tradeit.gg,2023-12-03 05:55:27 +0000 UTC,Opera,Windows 7,International
MailRu,mail.ru,2023-12-03 16:53:10 +0000 UTC,Google Chrome,Windows 7,Russia
SkinWallet,skinwallet.com,2023-01-21 16:52:31 +0000 UTC,Internet Explorer,Debian Linux,International
Yandex,ya.ru,2023-08-09 22:41:43 +0000 UTC,Google Chrome,Windows 10,Russia
CSGO TM,csgotm.ru,2023-07-01 06:16:56 +0000 UTC,Google Chrome,Apple iOS,Russia
CSGO TM,csgotm.ru,2023-02-02 21:10:54 +0000 UTC,Microsoft Edge,Ubuntu Linux,Russia
YouTube,youtube.com,2023-04-19 12:02:43 +0000 UTC,Microsoft Edge,Ubuntu Linux,International
CSGO TM,csgotm.ru,2023-05-16 03:14:32 +0000 UTC,Internet Explorer,Windows 8,Russia
SkinWallet,skinwallet.com,2023-06-07 23:33:16 +0000 UTC,Opera,macOS,International
CSGO TM,csgotm.ru,2023-09-01 20:23:11 +0000 UTC,Apple Safari,Apple iOS,Russia
YouTube,youtube.com,2023-07-13 16:31:37 +0000 UTC,Microsoft Edge,Android,International
SkinWallet,skinwallet.com,2023-02-01 22:54:11 +0000 UTC,Opera,Windows 10,International
Yandex,ya.ru,2023-08-13 12:08:55 +0000 UTC,Microsoft Edge,macOS,Russia
BitSkins,bitskins.com,2023-09-06 05:54:25 +0000 UTC,Google Chrome,Android,International
SkinWallet,skinwallet.com,2023-06-27 11:41:46 +0000 UTC,Internet Explorer,Debian Linux,International
MailRu,mail.ru,2023-11-03 19:35:50 +0000 UTC,Opera,Android,Russia
YouTube,youtube.com,2023-09-24 08:48:56 +0000 UTC,Opera,Ubuntu Linux,International
VK,vk.ru,2023-05-17 06:20:32 +0000 UTC,Apple Safari,Windows 8,Russia
YouTube,youtube.com,2023-04-04 05:47:39 +0000 UTC,Microsoft Edge,Debian Linux,International
DMarket,dmarket.ru,2023-08-01 19:06:05 +0000 UTC,Internet Explorer,Windows 10,Russia
CSGO TM,csgotm.ru,2023-04-02 17:15:59 +0000 UTC,Opera,Apple iOS,Russia
DMarket,dmarket.ru,2023-11-18 10:41:42 +0000 UTC,Opera,Windows 10,Russia
VK,vk.ru,2023-05-26 02:51:12 +0000 UTC,Apple Safari,Windows 7,Russia
MailRu,mail.ru,2023-03-06 18:41:21 +0000 UTC,Microsoft Edge,Windows 7,Russia
DMarket,dmarket.ru,2023-11-29 09:30:40 +0000 UTC,Google Chrome,Debian Linux,Russia
MailRu,mail.ru,2023-06-05 06:08:00 +0000 UTC,Internet Explorer,macOS,Russia
CSMoney,csmoney.com,2023-02-06 21:55:54 +0000 UTC,Internet Explorer,Debian Linux,International
VK,vk.ru,2023-02-03 20:03:55 +0000 UTC,Opera,Debian Linux,Russia
Google,google.com,2023-07-14 14:33:37 +0000 UTC,Opera,Debian Linux,International
YouTube,youtube.com,2023-08-17 04:55:59 +0000 UTC,Internet Explorer,Ubuntu Linux,International
CSMoney,csmoney.com,2023-03-15 22:33:34 +0000 UTC,Apple Safari,Windows 10,International
Yandex,ya.ru,2023-01-23 02:07:13 +0000 UTC,Google Chrome,Windows 10,Russia
VK,vk.ru,2023-01-07 08:59:50 +0000 UTC,Internet Explorer,Windows 10,Russia
SkinWallet,skinwallet.com,2023-07-07 15:42:42 +0000 UTC,Opera,Windows 8,International
BitSkins,bitskins.com,2023-01-21 05:36:42 +0000 UTC,Google Chrome,Ubuntu Linux,International
Yandex,ya.ru,2023-10-08 21:01:59 +0000 UTC,Microsoft Edge,Apple iOS,Russia
BitSkins,bitskins.com,2023-01-06 22:58:25 +0000 UTC,Internet Explorer,Windows 7,International
Yandex,ya.ru,2023-12-02 08:38:35 +0000 UTC,Opera,Windows 8,Russia
YouTube,youtube.com,2023-01-31 16:32:35 +0000 UTC,Apple Safari,Android,International
YouTube,youtube.com,2023-05-27 17:37:53 +0000 UTC,Google Chrome,Apple iOS,International
BitSkins,bitskins.com,2023-01-28 07:45:26 +0000 UTC,Microsoft Edge,Apple iOS,International
Google,google.com,2023-06-07 00:30:33 +0000 UTC,Google Chrome,Debian Linux,International
BitSkins,bitskins.com,2023-12-01 05:20:34 +0000 UTC,Internet Explorer,Windows 7,International
Google,google.com,2023-01-27 08:39:22 +0000 UTC,Internet Explorer,macOS,International
CSMoney,csmoney.com,2023-01-17 05:49:27 +0000 UTC,Google Chrome,Android,International
CSGO TM,csgotm.ru,2023-03-16 05:35:38 +0000 UTC,Opera,Android,Russia
DMarket,dmarket.ru,2023-08-25 12:36:20 +0000 UTC,Opera,Windows 8,Russia
BitSkins,bitskins.com,2023-08-25 04:11:02 +0000 UTC,Microsoft Edge,Debian Linux,International
Yandex,ya.ru,2023-08-23 11:47:22 +0000 UTC,Internet Explorer,macOS,Russia
CSMoney,csmoney.com,2023-07-16 04:01:41 +0000 UTC,Google Chrome,Windows 7,International
DMarket,dmarket.ru,2023-01-23 16:54:48 +0000 UTC,Microsoft Edge,Windows 7,Russia
SkinWallet,skinwallet.com,2023-01-08 04:32:44 +0000 UTC,Microsoft Edge,Apple iOS,International
TradeIT GG,tradeit.gg,2023-11-28 03:59:25 +0000 UTC,Internet Explorer,Apple iOS,International
SkinWallet,skinwallet.com,2023-01-19 18:35:16 +0000 UTC,Google Chrome,Windows 10,International
Google,google.com,2023-09-05 05:16:53 +0000 UTC,Google Chrome,Ubuntu Linux,International
Yandex,ya.ru,2023-10-21 10:51:21 +0000 UTC,Internet Explorer,Android,Russia
BitSkins,bitskins.com,2023-05-21 13:10:28 +0000 UTC,Opera,Ubuntu Linux,International
BitSkins,bitskins.com,2023-01-14 13:13:23 +0000 UTC,Google Chrome,Windows 10,International
TradeIT GG,tradeit.gg,2023-03-23 22:12:05 +0000 UTC,Internet Explorer,Apple iOS,International
CSMoney,csmoney.com,2023-07-30 16:10:03 +0000 UTC,Internet Explorer,Debian Linux,International
Yandex,ya.ru,2023-06-01 03:21:18 +0000 UTC,Internet Explorer,Ubuntu Linux,Russia
Google,google.com,2023-01-15 15:25:15 +0000 UTC,Google Chrome,Windows 10,International
DMarket,dmarket.ru,2023-11-21 07:37:38 +0000 UTC,Google Chrome,Windows 8,Russia
Google,google.com,2023-10-13 15:28:31 +0000 UTC,Microsoft Edge,Windows 7,International
Yandex,ya.ru,2023-09-06 21:59:08 +0000 UTC,Apple Safari,macOS,Russia
BitSkins,bitskins.com,2023-03-23 06:19:26 +0000 UTC,Apple Safari,macOS,International
YouTube,youtube.com,2023-11-23 11:56:52 +0000 UTC,Apple Safari,Windows 7,International
BitSkins,bitskins.com,2023-07-30 00:05:24 +0000 UTC,Internet Explorer,Android,International
Yandex,ya.ru,2023-10-06 01:51:59 +0000 UTC,Google Chrome,Apple iOS,Russia
CSMoney,csmoney.com,2023-07-28 22:49:41 +0000 UTC,Internet Explorer,macOS,International
CSMoney,csmoney.com,2023-01-08 12:28:31 +0000 UTC,Opera,macOS,International
YouTube,youtube.com,2023-04-03 14:17:13 +0000 UTC,Opera,Debian Linux,International
MailRu,mail.ru,2023-05-13 10:30:45 +0000 UTC,Microsoft Edge,Apple iOS,Russia
VK,vk.ru,2023-06-02 08:37:53 +0000 UTC,Apple Safari,Android,Russia
DMarket,dmarket.ru,2023-09-18 17:08:41 +0000 UTC,Internet Explorer,Windows 10,Russia
MailRu,mail.ru,2023-12-04 01:05:56 +0000 UTC,Internet Explorer,Ubuntu Linux,Russia
SkinWallet,skinwallet.com,2023-04-20 16:02:12 +0000 UTC,Google Chrome,macOS,International
MailRu,mail.ru,2023-08-21 09:09:35 +0000 UTC,Google Chrome,Ubuntu Linux,Russia
CSGO TM,csgotm.ru,2023-03-28 21:46:07 +0000 UTC,Google Chrome,Windows 8,Russia
BitSkins,bitskins.com,2023-06-15 10:18:30 +0000 UTC,Google Chrome,Apple iOS,International
SkinWallet,skinwallet.com,2023-10-23 01:42:19 +0000 UTC,Apple Safari,Windows 10,International
SkinWallet,skinwallet.com,2023-04-25 08:12:00 +0000 UTC,Apple Safari,Windows 10,International
DMarket,dmarket.ru,2023-12-02 13:02:11 +0000 UTC,Internet Explorer,macOS,Russia
YouTube,youtube.com,2023-02-15 15:56:45 +0000 UTC,Microsoft Edge,macOS,International
CSGO TM,csgotm.ru,2023-06-05 02:33:07 +0000 UTC,Apple Safari,Windows 8,Russia
CSMoney,csmoney.com,2023-10-13 03:30:19 +0000 UTC,Google Chrome,Windows 8,International
CSGO TM,csgotm.ru,2023-11-08 00:13:51 +0000 UTC,Opera,Apple iOS,Russia
DMarket,dmarket.ru,2023-07-31 03:19:56 +0000 UTC,Internet Explorer,Windows 7,Russia
DMarket,dmarket.ru,2023-02-18 05:12:54 +0000 UTC,Apple Safari,Windows 7,Russia
CSGO TM,csgotm.ru,2023-10-15 02:34:03 +0000 UTC,Google Chrome,Windows 10,Russia
YouTube,youtube.com,2023-06-19 19:42:23 +0000 UTC,Apple Safari,Ubuntu Linux,International
Yandex,ya.ru,2023-09-10 08:49:47 +0000 UTC,Apple Safari,Windows 8,Russia
Yandex,ya.ru,2023-04-16 22:36:08 +0000 UTC,Microsoft Edge,macOS,Russia
BitSkins,bitskins.com,2023-05-19 12:57:48 +0000 UTC,Microsoft Edge,Windows 8,International
YouTube,youtube.com,2023-05-19 01:49:50 +0000 UTC,Internet Explorer,Apple iOS,International
CSMoney,csmoney.com,2023-08-21 07:31:33 +0000 UTC,Internet Explorer,macOS,International
VK,vk.ru,2023-11-02 09:25:57 +0000 UTC,Internet Explorer,Windows 10,Russia
MailRu,mail.ru,2023-01-05 18:31:41 +0000 UTC,Apple Safari,Apple iOS,Russia
VK,vk.ru,2023-03-16 09:11:25 +0000 UTC,Apple Safari,Windows 10,Russia
MailRu,mail.ru,2023-05-24 23:31:39 +0000 UTC,Internet Explorer,Windows 7,Russia
Yandex,ya.ru,2023-03-04 00:38:46 +0000 UTC,Google Chrome,Debian Linux,Russia
YouTube,youtube.com,2023-02-12 02:02:10 +0000 UTC,Microsoft Edge,macOS,International
CSGO TM,csgotm.ru,2023-01-15 18:22:52 +0000 UTC,Opera,Ubuntu Linux,Russia
VK,vk.ru,2023-11-18 20:10:55 +0000 UTC,Microsoft Edge,macOS,Russia
Yandex,ya.ru,2023-11-03 12:03:24 +0000 UTC,Apple Safari,Debian Linux,Russia
TradeIT GG,tradeit.gg,2023-07-23 20:50:11 +0000 UTC,Microsoft Edge,Windows 7,International
TradeIT GG,tradeit.gg,2023-10-23 11:34:02 +0000 UTC,Internet Explorer,Windows 8,International
CSMoney,csmoney.com,2023-05-08 17:20:53 +0000 UTC,Google Chrome,Android,International
DMarket,dmarket.ru,2023-11-04 13:52:14 +0000 UTC,Microsoft Edge,Windows 7,Russia
YouTube,youtube.com,2023-03-25 18:47:49 +0000 UTC,Google Chrome,Ubuntu Linux,International
CSGO TM,csgotm.ru,2023-01-17 03:44:45 +0000 UTC,Internet Explorer,Ubuntu Linux,Russia
VK,vk.ru,2023-11-14 10:52:28 +0000 UTC,Microsoft Edge,Android,Russia
SkinWallet,skinwallet.com,2023-03-29 12:05:23 +0000 UTC,Opera,Android,International
YouTube,youtube.com,2023-05-27 13:56:31 +0000 UTC,Google Chrome,Windows 10,International
SkinWallet,skinwallet.com,2023-02-27 04:51:14 +0000 UTC,Google Chrome,Debian Linux,International
YouTube,youtube.com,2023-09-03 09:11:48 +0000 UTC,Opera,Apple iOS,International
DMarket,dmarket.ru,2023-01-12 17:48:52 +0000 UTC,Opera,Apple iOS,Russia
CSMoney,csmoney.com,2023-06-13 02:52:44 +0000 UTC,Internet Explorer,Windows 10,International
Google,google.com,2023-08-31 15:43:07 +0000 UTC,Google Chrome,Debian Linux,International
BitSkins,bitskins.com,2023-11-04 20:41:57 +0000 UTC,Google Chrome,Windows 10,International
MailRu,mail.ru,2023-11-19 02:57:49 +0000 UTC,Opera,Windows 8,Russia
Yandex,ya.ru,2023-02-15 06:23:10 +0000 UTC,Microsoft Edge,Windows 7,Russia
SkinWallet,skinwallet.com,2023-11-16 18:19:25 +0000 UTC,Google Chrome,macOS,International
BitSkins,bitskins.com,2023-02-24 19:32:32 +0000 UTC,Opera,Windows 7,International
CSMoney,csmoney.com,2023-01-30 15:04:14 +0000 UTC,Google Chrome,Debian Linux,International
BitSkins,bitskins.com,2023-11-02 20:47:45 +0000 UTC,Microsoft Edge,Windows 10,International
Yandex,ya.ru,2023-09-03 14:25:34 +0000 UTC,Apple Safari,Windows 10,Russia
SkinWallet,skinwallet.com,2023-11-04 20:01:19 +0000 UTC,Internet Explorer,macOS,International
Google,google.com,2023-02-15 05:18:11 +0000 UTC,Microsoft Edge,Windows 8,International
CSMoney,csmoney.com,2023-11-02 01:06:41 +0000 UTC,Internet Explorer,Debian Linux,International
YouTube,youtube.com,2023-06-28 21:21:59 +0000 UTC,Internet Explorer,Ubuntu Linux,International
YouTube,youtube.com,2023-03-03 11:00:21 +0000 UTC,Microsoft Edge,Windows 7,International
VK,vk.ru,2023-08-21 01:59:54 +0000 UTC,Internet Explorer,Windows 8,Russia
CSGO TM,csgotm.ru,2023-08-21 13:27:06 +0000 UTC,Internet Explorer,Apple iOS,Russia
SkinWallet,skinwallet.com,2023-04-17 09:22:01 +0000 UTC,Apple Safari,Windows 10,International
CSMoney,csmoney.com,2023-07-29 01:03:54 +0000 UTC,Google Chrome,Apple iOS,International
Yandex,ya.ru,2023-08-18 10:46:59 +0000 UTC,Apple Safari,Ubuntu Linux,Russia
TradeIT GG,tradeit.gg,2023-07-06 11:15:53 +0000 UTC,Internet Explorer,Android,International
TradeIT GG,tradeit.gg,2023-02-17 15:18:27 +0000 UTC,Internet Explorer,Ubuntu Linux,International
CSGO TM,csgotm.ru,2023-01-26 14:38:14 +0000 UTC,Google Chrome,Android,Russia
TradeIT GG,tradeit.gg,2023-04-03 10:01:29 +0000 UTC,Internet Explorer,Debian Linux,International
CSGO TM,csgotm.ru,2023-08-24 11:18:39 +0000 UTC,Opera,Windows 7,Russia
MailRu,mail.ru,2023-11-21 13:56:08 +0000 UTC,Microsoft Edge,Windows 10,Russia
BitSkins,bitskins.com,2023-11-03 07:27:20 +0000 UTC,Internet Explorer,macOS,International
DMarket,dmarket.ru,2023-11-21 18:29:32 +0000 UTC,Opera,Windows 8,Russia
CSMoney,csmoney.com,2023-02-07 01:40:23 +0000 UTC,Opera,Windows 7,International
TradeIT GG,tradeit.gg,2023-07-31 02:53:29 +0000 UTC,Opera,Ubuntu Linux,International
CSGO TM,csgotm.ru,2023-04-08 08:15:48 +0000 UTC,Google Chrome,Ubuntu Linux,Russia
CSMoney,csmoney.com,2023-07-29 09:14:01 +0000 UTC,Internet Explorer,Debian Linux,International
CSMoney,csmoney.com,2023-11-18 00:45:56 +0000 UTC,Google Chrome,Apple iOS,International
CSMoney,csmoney.com,2023-06-21 21:08:16 +0000 UTC,Microsoft Edge,Debian Linux,International
VK,vk.ru,2023-12-04 11:41:33 +0000 UTC,Microsoft Edge,Debian Linux,Russia
CSMoney,csmoney.com,2023-06-22 13:25:40 +0000 UTC,Google Chrome,Debian Linux,International
MailRu,mail.ru,2023-01-10 02:06:43 +0000 UTC,Internet Explorer,Ubuntu Linux,Russia
Google,google.com,2023-01-14 11:06:03 +0000 UTC,Opera,Windows 7,International
CSGO TM,csgotm.ru,2023-06-07 10:30:57 +0000 UTC,Microsoft Edge,Windows 10,Russia
CSMoney,csmoney.com,2023-05-01 09:56:41 +0000 UTC,Internet Explorer,Windows 7,International
CSGO TM,csgotm.ru,2023-06-08 15:54:29 +0000 UTC,Opera,Windows 8,Russia
YouTube,youtube.com,2023-07-29 04:09:08 +0000 UTC,Google Chrome,Debian Linux,International
SkinWallet,skinwallet.com,2023-09-17 02:33:55 +0000 UTC,Internet Explorer,Windows 7,International
TradeIT GG,tradeit.gg,2023-08-27 13:10:30 +0000 UTC,Microsoft Edge,macOS,International
CSMoney,csmoney.com,2023-02-06 15:32:40 +0000 UTC,Google Chrome,Windows 10,International
MailRu,mail.ru,2023-11-22 04:27:02 +0000 UTC,Opera,macOS,Russia
Yandex,ya.ru,2023-06-20 10:52:32 +0000 UTC,Apple Safari,Debian Linux,Russia
MailRu,mail.ru,2023-04-03 11:25:22 +0000 UTC,Opera,macOS,Russia
TradeIT GG,tradeit.gg,2023-05-15 06:59:40 +0000 UTC,Opera,Windows 7,International
CSGO TM,csgotm.ru,2023-05-21 23:30:40 +0000 UTC,Internet Explorer,Ubuntu Linux,Russia
VK,vk.ru,2023-04-01 03:55:25 +0000 UTC,Opera,Windows 10,Russia
Yandex,ya.ru,2023-07-21 11:25:27 +0000 UTC,Opera,Windows 7,Russia
YouTube,youtube.com,2023-10-10 04:55:24 +0000 UTC,Internet Explorer,Windows 10,International
VK,vk.ru,2023-07-25 05:32:59 +0000 UTC,Opera,Ubuntu Linux,Russia
DMarket,dmarket.ru,2023-09-26 02:19:50 +0000 UTC,Internet Explorer,macOS,Russia
YouTube,youtube.com,2023-09-30 22:06:26 +0000 UTC,Apple Safari,Ubuntu Linux,International
BitSkins,bitskins.com,2023-04-05 13:38:08 +0000 UTC,Microsoft Edge,Apple iOS,International
TradeIT GG,tradeit.gg,2023-06-06 04:54:57 +0000 UTC,Microsoft Edge,Debian Linux,International
SkinWallet,skinwallet.com,2023-12-04 11:49:39 +0000 UTC,Opera,Ubuntu Linux,International
CSGO TM,csgotm.ru,2023-09-04 15:57:43 +0000 UTC,Opera,Windows 8,Russia
DMarket,dmarket.ru,2023-07-16 09:32:05 +0000 UTC,Google Chrome,Windows 10,Russia
VK,vk.ru,2023-11-29 20:49:28 +0000 UTC,Microsoft Edge,Ubuntu Linux,Russia
TradeIT GG,tradeit.gg,2023-06-07 21:14:13 +0000 UTC,Microsoft Edge,Debian Linux,International
Google,google.com,2023-02-23 12:51:55 +0000 UTC,Apple Safari,Windows 8,International
SkinWallet,skinwallet.com,2023-10-10 20:06:39 +0000 UTC,Microsoft Edge,Apple iOS,International
Yandex,ya.ru,2023-10-16 07:23:43 +0000 UTC,Apple Safari,Windows 8,Russia
MailRu,mail.ru,2023-09-26 20:07:38 +0000 UTC,Opera,Android,Russia
MailRu,mail.ru,2023-02-21 10:19:07 +0000 UTC,Internet Explorer,Apple iOS,Russia
TradeIT GG,tradeit.gg,2023-11-26 19:20:45 +0000 UTC,Opera,Windows 8,International
CSGO TM,csgotm.ru,2023-07-21 19:16:17 +0000 UTC,Apple Safari,macOS,Russia
MailRu,mail.ru,2023-02-11 08:58:32 +0000 UTC,Microsoft Edge,Apple iOS,Russia
CSGO TM,csgotm.ru,2023-04-04 02:46:30 +0000 UTC,Opera,Windows 8,Russia
DMarket,dmarket.ru,2023-11-09 16:26:45 +0000 UTC,Internet Explorer,Ubuntu Linux,Russia
YouTube,youtube.com,2023-05-07 23:05:29 +0000 UTC,Opera,Ubuntu Linux,International
TradeIT GG,tradeit.gg,2023-03-06 10:49:24 +0000 UTC,Apple Safari,Windows 10,International
CSMoney,csmoney.com,2023-11-29 23:12:42 +0000 UTC,Internet Explorer,Ubuntu Linux,International
Google,google.com,2023-05-04 20:41:54 +0000 UTC,Opera,macOS,International
TradeIT GG,tradeit.gg,2023-01-14 12:17:17 +0000 UTC,Internet Explorer,Android,International
MailRu,mail.ru,2023-11-08 23:21:51 +0000 UTC,Microsoft Edge,Android,Russia
Yandex,ya.ru,2023-07-27 11:03:47 +0000 UTC,Google Chrome,Apple iOS,Russia
Yandex,ya.ru,2023-04-25 07:51:33 +0000 UTC,Microsoft Edge,Windows 7,Russia
DMarket,dmarket.ru,2023-05-07 10:02:51 +0000 UTC,Opera,Debian Linux,Russia
CSGO TM,csgotm.ru,2023-11-06 01:38:06 +0000 UTC,Opera,Windows 10,Russia
SkinWallet,skinwallet.com,2023-03-07 22:08:41 +0000 UTC,Opera,Android,International
DMarket,dmarket.ru,2023-11-04 07:08:17 +0000 UTC,Internet Explorer,Apple iOS,Russia
MailRu,mail.ru,2023-07-20 16:05:32 +0000 UTC,Microsoft Edge,Debian Linux,Russia
MailRu,mail.ru,2023-03-22 22:54:35 +0000 UTC,Apple Safari,Windows 7,Russia
DMarket,dmarket.ru,2023-04-27 15:19:46 +0000 UTC,Opera,Apple iOS,Russia
SkinWallet,skinwallet.com,2023-10-26 13:09:17 +0000 UTC,Microsoft Edge,Apple iOS,International
CSMoney,csmoney.com,2023-01-27 15:31:50 +0000 UTC,Apple Safari,Apple iOS,International
Yandex,ya.ru,2023-03-12 20:04:54 +0000 UTC,Apple Safari,Windows 10,Russia
CSGO TM,csgotm.ru,2023-03-05 08:55:08 +0000 UTC,Google Chrome,Windows 7,Russia
MailRu,mail.ru,2023-01-20 14:33:44 +0000 UTC,Apple Safari,Apple iOS,Russia
SkinWallet,skinwallet.com,2023-09-23 12:38:39 +0000 UTC,Opera,Apple iOS,International
CSGO TM,csgotm.ru,2023-04-07 22:03:02 +0000 UTC,Microsoft Edge,Windows 7,Russia
Google,google.com,2023-09-25 18:20:21 +0000 UTC,Internet Explorer,Windows 7,International
CSGO TM,csgotm.ru,2023-10-16 07:26:24 +0000 UTC,Apple Safari,Windows 10,Russia
Google,google.com,2023-04-11 07:03:13 +0000 UTC,Apple Safari,Windows 7,International
CSGO TM,csgotm.ru,2023-07-07 19:26:15 +0000 UTC,Internet Explorer,Windows 8,Russia
DMarket,dmarket.ru,2023-04-03 19:22:22 +0000 UTC,Internet Explorer,Apple iOS,Russia
DMarket,dmarket.ru,2023-06-13 07:56:59 +0000 UTC,Apple Safari,Android,Russia
DMarket,dmarket.ru,2023-01-10 17:40:57 +0000 UTC,Microsoft Edge,Debian Linux,Russia
DMarket,dmarket.ru,2023-01-23 13:11:00 +0000 UTC,Google Chrome,Windows 8,Russia
BitSkins,bitskins.com,2023-05-15 09:23:10 +0000 UTC,Opera,macOS,International
YouTube,youtube.com,2023-09-25 14:58:33 +0000 UTC,Google Chrome,Debian Linux,International
SkinWallet,skinwallet.com,2023-11-28 04:13:21 +0000 UTC,Opera,Windows 10,International
Google,google.com,2023-07-15 03:33:42 +0000 UTC,Google Chrome,Windows 7,International
SkinWallet,skinwallet.com,2023-05-20 15:04:12 +0000 UTC,Internet Explorer,Apple iOS,International
Google,google.com,2023-01-30 04:42:08 +0000 UTC,Microsoft Edge,Windows 8,International
CSMoney,csmoney.com,2023-08-13 23:56:02 +0000 UTC,Google Chrome,Windows 8,International
Google,google.com,2023-01-09 15:46:35 +0000 UTC,Internet Explorer,Apple iOS,International
DMarket,dmarket.ru,2023-07-05 22:37:27 +0000 UTC,Microsoft Edge,macOS,Russia
BitSkins,bitskins.com,2023-10-16 06:43:28 +0000 UTC,Apple Safari,Windows 10,International
TradeIT GG,tradeit.gg,2023-11-20 01:20:20 +0000 UTC,Opera,Windows 8,International
CSMoney,csmoney.com,2023-05-24 00:12:27 +0000 UTC,Google Chrome,Windows 7,International
BitSkins,bitskins.com,2023-11-30 18:48:57 +0000 UTC,Microsoft Edge,macOS,International
Yandex,ya.ru,2023-04-22 17:34:34 +0000 UTC,Apple Safari,Windows 8,Russia
VK,vk.ru,2023-09-10 18:13:13 +0000 UTC,Microsoft Edge,Windows 8,Russia
DMarket,dmarket.ru,2023-05-31 23:27:06 +0000 UTC,Opera,Apple iOS,Russia
YouTube,youtube.com,2023-06-20 00:42:40 +0000 UTC,Apple Safari,Windows 8,International
Yandex,ya.ru,2023-11-11 08:48:40 +0000 UTC,Google Chrome,Windows 10,Russia
TradeIT GG,tradeit.gg,2023-05-19 17:54:45 +0000 UTC,Internet Explorer,Ubuntu Linux,International
YouTube,youtube.com,2023-03-27 01:48:33 +0000 UTC,Microsoft Edge,Ubuntu Linux,International
CSGO TM,csgotm.ru,2023-11-29 16:16:20 +0000 UTC,Apple Safari,Ubuntu Linux,Russia
VK,vk.ru,2023-04-18 17:05:03 +0000 UTC,Microsoft Edge,Android,Russia
SkinWallet,skinwallet.com,2023-08-24 03:47:09 +0000 UTC,Apple Safari,Apple iOS,International
CSGO TM,csgotm.ru,2023-01-24 01:50:13 +0000 UTC,Internet Explorer,Debian Linux,Russia
MailRu,mail.ru,2023-04-24 14:04:15 +0000 UTC,Apple Safari,Windows 8,Russia
YouTube,youtube.com,2023-09-09 01:06:19 +0000 UTC,Apple Safari,Debian Linux,International
CSMoney,csmoney.com,2023-09-04 20:57:14 +0000 UTC,Microsoft Edge,Debian Linux,International
Yandex,ya.ru,2023-06-15 09:18:10 +0000 UTC,Google Chrome,Android,Russia
CSGO TM,csgotm.ru,2023-04-11 17:57:50 +0000 UTC,Microsoft Edge,macOS,Russia
BitSkins,bitskins.com,2023-07-08 04:29:20 +0000 UTC,Apple Safari,Apple iOS,International
BitSkins,bitskins.com,2023-11-18 03:22:40 +0000 UTC,Microsoft Edge,macOS,International
Yandex,ya.ru,2023-01-06 08:26:50 +0000 UTC,Apple Safari,Ubuntu Linux,Russia
VK,vk.ru,2023-01-30 05:47:26 +0000 UTC,Google Chrome,Android,Russia
Yandex,ya.ru,2023-01-03 11:45:14 +0000 UTC,Internet Explorer,Ubuntu Linux,Russia
YouTube,youtube.com,2023-07-18 05:59:07 +0000 UTC,Apple Safari,Windows 7,International
BitSkins,bitskins.com,2023-05-23 15:00:07 +0000 UTC,Google Chrome,Apple iOS,International
MailRu,mail.ru,2023-06-28 20:05:38 +0000 UTC,Apple Safari,Windows 8,Russia
DMarket,dmarket.ru,2023-11-22 23:43:08 +0000 UTC,Opera,Ubuntu Linux,Russia
TradeIT GG,tradeit.gg,2023-10-22 14:54:10 +0000 UTC,Internet Explorer,Android,International
SkinWallet,skinwallet.com,2023-08-19 11:50:51 +0000 UTC,Opera,Debian Linux,International
CSMoney,csmoney.com,2023-02-08 13:31:19 +0000 UTC,Opera,Windows 8,International
Google,google.com,2023-10-24 23:52:00 +0000 UTC,Microsoft Edge,Debian Linux,International
MailRu,mail.ru,2023-05-06 11:30:28 +0000 UTC,Microsoft Edge,Apple iOS,Russia
TradeIT GG,tradeit.gg,2023-08-01 21:44:24 +0000 UTC,Internet Explorer,Ubuntu Linux,International
SkinWallet,skinwallet.com,2023-11-25 20:03:17 +0000 UTC,Opera,Windows 10,International
SkinWallet,skinwallet.com,2023-01-01 15:00:34 +0000 UTC,Google Chrome,Windows 8,International
TradeIT GG,tradeit.gg,2023-09-19 14:59:42 +0000 UTC,Internet Explorer,Android,International
CSGO TM,csgotm.ru,2023-08-08 14:47:53 +0000 UTC,Microsoft Edge,Windows 8,Russia
CSMoney,csmoney.com,2023-07-05 09:08:14 +0000 UTC,Google Chrome,Debian Linux,International
CSGO TM,csgotm.ru,2023-09-16 06:08:07 +0000 UTC,Internet Explorer,macOS,Russia
MailRu,mail.ru,2023-11-20 04:53:37 +0000 UTC,Internet Explorer,Debian Linux,Russia
MailRu,mail.ru,2023-01-21 20:58:07 +0000 UTC,Microsoft Edge,Windows 10,Russia
SkinWallet,skinwallet.com,2023-05-07 02:07:26 +0000 UTC,Microsoft Edge,Ubuntu Linux,International
YouTube,youtube.com,2023-01-16 03:08:31 +0000 UTC,Microsoft Edge,Windows 8,International
DMarket,dmarket.ru,2023-07-18 05:43:16 +0000 UTC,Microsoft Edge,Debian Linux,Russia
YouTube,youtube.com,2023-08-26 23:12:20 +0000 UTC,Opera,Windows 7,International
DMarket,dmarket.ru,2023-06-15 16:09:51 +0000 UTC,Google Chrome,macOS,Russia
Yandex,ya.ru,2023-09-27 18:45:12 +0000 UTC,Internet Explorer,Apple iOS,Russia
BitSkins,bitskins.com,2023-03-09 21:31:42 +0000 UTC,Apple Safari,Apple iOS,International
Google,google.com,2023-03-23 10:26:25 +0000 UTC,Microsoft Edge,Debian Linux,International
BitSkins,bitskins.com,2023-09-17 05:36:48 +0000 UTC,Microsoft Edge,Android,International
TradeIT GG,tradeit.gg,2023-01-22 04:28:25 +0000 UTC,Internet Explorer,Debian Linux,International
CSGO TM,csgotm.ru,2023-09-24 05:53:52 +0000 UTC,Apple Safari,Windows 7,Russia
CSGO TM,csgotm.ru,2023-02-19 04:15:04 +0000 UTC,Microsoft Edge,Apple iOS,Russia
CSMoney,csmoney.com,2023-11-23 10:57:20 +0000 UTC,Apple Safari,Ubuntu Linux,International
SkinWallet,skinwallet.com,2023-06-22 11:48:57 +0000 UTC,Internet Explorer,Ubuntu Linux,International
MailRu,mail.ru,2023-06-23 06:34:56 +0000 UTC,Google Chrome,Debian Linux,Russia
MailRu,mail.ru,2023-08-04 23:27:51 +0000 UTC,Microsoft Edge,Windows 10,Russia
MailRu,mail.ru,2023-04-02 10:20:39 +0000 UTC,Microsoft Edge,Android,Russia
YouTube,youtube.com,2023-04-01 23:53:00 +0000 UTC,Apple Safari,Windows 8,International
SkinWallet,skinwallet.com,2023-03-01 08:00:49 +0000 UTC,Internet Explorer,Android,International
CSMoney,csmoney.com,2023-05-15 11:25:42 +0000 UTC,Internet Explorer,Android,International
CSMoney,csmoney.com,2023-05-16 02:07:02 +0000 UTC,Google Chrome,macOS,International
DMarket,dmarket.ru,2023-06-09 12:05:51 +0000 UTC,Internet Explorer,Windows 10,Russia
CSMoney,csmoney.com,2023-03-08 14:51:50 +0000 UTC,Microsoft Edge,Windows 8,International
BitSkins,bitskins.com,2023-08-18 04:35:02 +0000 UTC,Google Chrome,Windows 10,International
YouTube,youtube.com,2023-05-22 01:59:07 +0000 UTC,Google Chrome,Windows 7,International
YouTube,youtube.com,2023-09-06 14:44:41 +0000 UTC,Microsoft Edge,Debian Linux,International
CSGO TM,csgotm.ru,2023-02-14 11:52:20 +0000 UTC,Google Chrome,Apple iOS,Russia
TradeIT GG,tradeit.gg,2023-11-09 14:46:04 +0000 UTC,Microsoft Edge,Windows 10,International
DMarket,dmarket.ru,2023-11-13 00:15:38 +0000 UTC,Internet Explorer,Windows 8,Russia
VK,vk.ru,2023-12-02 13:29:05 +0000 UTC,Google Chrome,Ubuntu Linux,Russia
CSMoney,csmoney.com,2023-03-29 06:32:28 +0000 UTC,Google Chrome,macOS,International
SkinWallet,skinwallet.com,2023-10-08 12:38:39 +0000 UTC,Apple Safari,Windows 8,International
BitSkins,bitskins.com,2023-03-28 05:58:57 +0000 UTC,Apple Safari,Windows 10,International
TradeIT GG,tradeit.gg,2023-10-30 09:17:53 +0000 UTC,Google Chrome,Windows 10,International
VK,vk.ru,2023-12-02 09:58:43 +0000 UTC,Google Chrome,Windows 10,Russia
BitSkins,bitskins.com,2023-09-22 10:33:52 +0000 UTC,Internet Explorer,Apple iOS,International
VK,vk.ru,2023-03-17 10:54:22 +0000 UTC,Microsoft Edge,Debian Linux,Russia
MailRu,mail.ru,2023-03-30 06:34:22 +0000 UTC,Opera,Debian Linux,Russia
CSMoney,csmoney.com,2023-07-16 12:46:52 +0000 UTC,Apple Safari,Windows 10,International
Yandex,ya.ru,2023-05-28 22:22:45 +0000 UTC,Internet Explorer,Android,Russia
BitSkins,bitskins.com,2023-10-05 09:35:00 +0000 UTC,Apple Safari,Apple iOS,International
YouTube,youtube.com,2023-10-05 19:06:27 +0000 UTC,Opera,Apple iOS,International
BitSkins,bitskins.com,2023-03-29 01:54:38 +0000 UTC,Opera,Windows 7,International
SkinWallet,skinwallet.com,2023-03-04 06:15:04 +0000 UTC,Apple Safari,Windows 10,International
DMarket,dmarket.ru,2023-02-13 02:21:03 +0000 UTC,Opera,Windows 7,Russia
VK,vk.ru,2023-03-18 07:19:15 +0000 UTC,Microsoft Edge,Android,Russia
CSGO TM,csgotm.ru,2023-09-19 05:43:56 +0000 UTC,Opera,Windows 10,Russia
SkinWallet,skinwallet.com,2023-06-01 18:14:50 +0000 UTC,Microsoft Edge,Windows 10,International
BitSkins,bitskins.com,2023-10-12 17:30:22 +0000 UTC,Google Chrome,Android,International
BitSkins,bitskins.com,2023-06-26 00:02:41 +0000 UTC,Google Chrome,Apple iOS,International
Yandex,ya.ru,2023-11-08 03:37:01 +0000 UTC,Google Chrome,Windows 10,Russia
YouTube,youtube.com,2023-08-26 22:25:54 +0000 UTC,Opera,Windows 8,International
MailRu,mail.ru,2023-07-23 16:43:11 +0000 UTC,Apple Safari,macOS,Russia
YouTube,youtube.com,2023-04-05 06:18:41 +0000 UTC,Google Chrome,Windows 7,International
Google,google.com,2023-05-02 17:05:54 +0000 UTC,Internet Explorer,Windows 8,International
CSMoney,csmoney.com,2023-03-01 12:48:04 +0000 UTC,Microsoft Edge,Apple iOS,International
Yandex,ya.ru,2023-06-30 00:41:01 +0000 UTC,Opera,Android,Russia
BitSkins,bitskins.com,2023-04-07 02:46:12 +0000 UTC,Opera,macOS,International
CSGO TM,csgotm.ru,2023-03-13 04:30:48 +0000 UTC,Opera,Ubuntu Linux,Russia
MailRu,mail.ru,2023-08-26 23:50:17 +0000 UTC,Opera,Windows 8,Russia
YouTube,youtube.com,2023-08-20 10:00:44 +0000 UTC,Microsoft Edge,macOS,International
Yandex,ya.ru,2023-07-29 02:05:58 +0000 UTC,Microsoft Edge,Windows 8,Russia
CSGO TM,csgotm.ru,2023-10-08 21:43:43 +0000 UTC,Apple Safari,Windows 8,Russia
CSMoney,csmoney.com,2023-02-26 11:09:34 +0000 UTC,Internet Explorer,macOS,International
YouTube,youtube.com,2023-07-27 06:58:22 +0000 UTC,Opera,Android,International
Yandex,ya.ru,2023-11-03 05:28:58 +0000 UTC,Opera,macOS,Russia
DMarket,dmarket.ru,2023-06-30 00:59:38 +0000 UTC,Internet Explorer,Android,Russia
CSGO TM,csgotm.ru,2023-02-01 09:01:14 +0000 UTC,Internet Explorer,Android,Russia
MailRu,mail.ru,2023-04-24 05:23:51 +0000 UTC,Internet Explorer,Android,Russia
VK,vk.ru,2023-02-09 13:46:22 +0000 UTC,Google Chrome,Android,Russia
Google,google.com,2023-01-12 12:05:11 +0000 UTC,Microsoft Edge,Windows 10,International
CSMoney,csmoney.com,2023-05-31 11:41:07 +0000 UTC,Google Chrome,macOS,International
VK,vk.ru,2023-12-03 17:18:36 +0000 UTC,Apple Safari,Android,Russia
DMarket,dmarket.ru,2023-11-04 11:08:55 +0000 UTC,Google Chrome,Windows 7,Russia
DMarket,dmarket.ru,2023-02-27 22:34:43 +0000 UTC,Opera,Ubuntu Linux,Russia
SkinWallet,skinwallet.com,2023-11-02 18:17:27 +0000 UTC,Google Chrome,Windows 8,International
CSGO TM,csgotm.ru,2023-04-06 16:24:52 +0000 UTC,Internet Explorer,Ubuntu Linux,Russia
YouTube,youtube.com,2023-02-28 05:29:10 +0000 UTC,Internet Explorer,macOS,International
Yandex,ya.ru,2023-07-29 05:33:09 +0000 UTC,Google Chrome,Ubuntu Linux,Russia
MailRu,mail.ru,2023-06-03 15:30:01 +0000 UTC,Google Chrome,Apple iOS,Russia
SkinWallet,skinwallet.com,2023-01-22 22:24:26 +0000 UTC,Microsoft Edge,Ubuntu Linux,International
Google,google.com,2023-03-14 11:01:00 +0000 UTC,Google Chrome,Windows 8,International
CSMoney,csmoney.com,2023-03-01 19:50:52 +0000 UTC,Apple Safari,Apple iOS,International
CSGO TM,csgotm.ru,2023-01-22 23:38:58 +0000 UTC,Google Chrome,Windows 10,Russia
Yandex,ya.ru,2023-05-06 20:27:26 +0000 UTC,Opera,Windows 10,Russia
SkinWallet,skinwallet.com,2023-10-30 16:22:57 +0000 UTC,Google Chrome,Android,International
SkinWallet,skinwallet.com,2023-08-12 17:23:59 +0000 UTC,Microsoft Edge,Android,International
Yandex,ya.ru,2023-02-19 04:55:11 +0000 UTC,Opera,Windows 7,Russia
VK,vk.ru,2023-09-16 04:44:36 +0000 UTC,Apple Safari,Windows 8,Russia
SkinWallet,skinwallet.com,2023-11-07 06:00:45 +0000 UTC,Microsoft Edge,Ubuntu Linux,International
TradeIT GG,tradeit.gg,2023-01-20 10:15:23 +0000 UTC,Microsoft Edge,Windows 8,International
Google,google.com,2023-01-28 09:32:22 +0000 UTC,Google Chrome,Android,International
VK,vk.ru,2023-10-29 21:07:05 +0000 UTC,Opera,Windows 8,Russia
MailRu,mail.ru,2023-08-16 02:20:29 +0000 UTC,Internet Explorer,Windows 10,Russia
CSMoney,csmoney.com,2023-01-02 05:46:55 +0000 UTC,Apple Safari,Debian Linux,International
TradeIT GG,tradeit.gg,2023-10-10 10:04:45 +0000 UTC,Internet Explorer,Debian Linux,International
CSMoney,csmoney.com,2023-01-16 21:50:10 +0000 UTC,Microsoft Edge,Windows 10,International
MailRu,mail.ru,2023-08-17 03:45:14 +0000 UTC,Google Chrome,Ubuntu Linux,Russia
DMarket,dmarket.ru,2023-03-08 18:40:14 +0000 UTC,Opera,Ubuntu Linux,Russia
CSGO TM,csgotm.ru,2023-06-16 20:08:30 +0000 UTC,Microsoft Edge,Windows 7,Russia
YouTube,youtube.com,2023-06-10 07:01:17 +0000 UTC,Apple Safari,Windows 7,International
YouTube,youtube.com,2023-02-23 07:10:27 +0000 UTC,Opera,Debian Linux,International
CSGO TM,csgotm.ru,2023-09-04 19:24:51 +0000 UTC,Apple Safari,Windows 10,Russia
CSGO TM,csgotm.ru,2023-11-04 21:36:47 +0000 UTC,Microsoft Edge,Windows 7,Russia
YouTube,youtube.com,2023-02-22 09:08:15 +0000 UTC,Internet Explorer,macOS,International
VK,vk.ru,2023-01-08 03:44:48 +0000 UTC,Internet Explorer,Windows 10,Russia
TradeIT GG,tradeit.gg,2023-07-11 14:04:32 +0000 UTC,Google Chrome,macOS,International
DMarket,dmarket.ru,2023-07-20 13:35:56 +0000 UTC,Microsoft Edge,Windows 7,Russia
CSMoney,csmoney.com,2023-07-11 11:13:58 +0000 UTC,Microsoft Edge,Ubuntu Linux,International
MailRu,mail.ru,2023-04-06 08:23:20 +0000 UTC,Opera,Windows 8,Russia
YouTube,youtube.com,2023-11-30 11:17:32 +0000 UTC,Apple Safari,macOS,International
TradeIT GG,tradeit.gg,2023-08-27 03:23:15 +0000 UTC,Microsoft Edge,Android,International
CSGO TM,csgotm.ru,2023-02-24 09:34:47 +0000 UTC,Opera,Android,Russia
SkinWallet,skinwallet.com,2023-03-24 13:16:11 +0000 UTC,Internet Explorer,Apple iOS,International
DMarket,dmarket.ru,2023-04-26 10:10:44 +0000 UTC,Microsoft Edge,Windows 8,Russia
BitSkins,bitskins.com,2023-01-23 16:58:17 +0000 UTC,Internet Explorer,macOS,International
VK,vk.ru,2023-10-17 15:28:23 +0000 UTC,Internet Explorer,Apple iOS,Russia
TradeIT GG,tradeit.gg,2023-04-01 21:24:23 +0000 UTC,Internet Explorer,Windows 8,International
BitSkins,bitskins.com,2023-07-12 21:26:45 +0000 UTC,Microsoft Edge,Windows 8,International
YouTube,youtube.com,2023-01-05 01:31:17 +0000 UTC,Opera,macOS,International
CSGO TM,csgotm.ru,2023-10-17 20:46:50 +0000 UTC,Internet Explorer,Windows 8,Russia
TradeIT GG,tradeit.gg,2023-03-30 17:41:09 +0000 UTC,Google Chrome,Windows 8,International
TradeIT GG,tradeit.gg,2023-02-16 15:02:26 +0000 UTC,Apple Safari,Debian Linux,International
VK,vk.ru,2023-02-18 18:53:29 +0000 UTC,Microsoft Edge,Android,Russia
MailRu,mail.ru,2023-09-09 18:16:41 +0000 UTC,Microsoft Edge,Windows 7,Russia
DMarket,dmarket.ru,2023-07-10 04:01:08 +0000 UTC,Opera,Apple iOS,Russia
DMarket,dmarket.ru,2023-06-28 09:55:00 +0000 UTC,Microsoft Edge,macOS,Russia
Google,google.com,2023-06-26 00:08:31 +0000 UTC,Internet Explorer,Windows 8,International
Yandex,ya.ru,2023-05-30 13:28:54 +0000 UTC,Microsoft Edge,Windows 7,Russia
MailRu,mail.ru,2023-04-09 14:13:05 +0000 UTC,Opera,Windows 7,Russia
CSGO TM,csgotm.ru,2023-12-02 05:34:20 +0000 UTC,Opera,macOS,Russia
Yandex,ya.ru,2023-11-11 12:30:48 +0000 UTC,Google Chrome,Debian Linux,Russia
YouTube,youtube.com,2023-12-03 17:31:34 +0000 UTC,Internet Explorer,Windows 8,International
MailRu,mail.ru,2023-09-27 07:12:01 +0000 UTC,Microsoft Edge,Ubuntu Linux,Russia
VK,vk.ru,2023-08-21 11:47:58 +0000 UTC,Google Chrome,Android,Russia
Google,google.com,2023-07-25 03:40:40 +0000 UTC,Internet Explorer,Android,International
Google,google.com,2023-06-21 22:36:43 +0000 UTC,Google Chrome,macOS,International
YouTube,youtube.com,2023-01-02 02:16:38 +0000 UTC,Microsoft Edge,Apple iOS,International
DMarket,dmarket.ru,2023-03-15 19:59:13 +0000 UTC,Opera,Windows 10,Russia
VK,vk.ru,2023-04-11 11:43:44 +0000 UTC,Opera,Windows 7,Russia
MailRu,mail.ru,2023-11-05 17:12:39 +0000 UTC,Apple Safari,Windows 8,Russia
BitSkins,bitskins.com,2023-03-20 03:02:38 +0000 UTC,Apple Safari,Windows 7,International
Yandex,ya.ru,2023-06-20 05:19:33 +0000 UTC,Microsoft Edge,Windows 7,Russia
VK,vk.ru,2023-05-23 15:43:42 +0000 UTC,Apple Safari,Windows 8,Russia
DMarket,dmarket.ru,2023-10-06 15:16:05 +0000 UTC,Opera,macOS,Russia
Google,google.com,2023-10-17 05:51:09 +0000 UTC,Google Chrome,Apple iOS,International
SkinWallet,skinwallet.com,2023-09-09 15:42:45 +0000 UTC,Internet Explorer,Debian Linux,International
CSGO TM,csgotm.ru,2023-10-27 02:04:15 +0000 UTC,Google Chrome,macOS,Russia
Google,google.com,2023-06-29 05:11:13 +0000 UTC,Internet Explorer,Windows 10,International
DMarket,dmarket.ru,2023-12-02 08:40:32 +0000 UTC,Apple Safari,Apple iOS,Russia
MailRu,mail.ru,2023-05-07 06:40:07 +0000 UTC,Internet Explorer,Debian Linux,Russia
VK,vk.ru,2023-10-19 07:01:14 +0000 UTC,Google Chrome,Ubuntu Linux,Russia
MailRu,mail.ru,2023-03-06 14:21:01 +0000 UTC,Opera,Apple iOS,Russia
VK,vk.ru,2023-09-23 12:24:51 +0000 UTC,Apple Safari,Windows 10,Russia
DMarket,dmarket.ru,2023-11-03 14:15:57 +0000 UTC,Microsoft Edge,Windows 10,Russia
DMarket,dmarket.ru,2023-07-14 08:45:10 +0000 UTC,Internet Explorer,Windows 8,Russia
BitSkins,bitskins.com,2023-04-30 12:42:11 +0000 UTC,Apple Safari,Windows 8,International
CSMoney,csmoney.com,2023-04-03 07:01:13 +0000 UTC,Microsoft Edge,macOS,International
BitSkins,bitskins.com,2023-09-30 06:33:18 +0000 UTC,Microsoft Edge,Windows 10,International
Yandex,ya.ru,2023-11-11 10:41:55 +0000 UTC,Opera,Windows 10,Russia